Identifier,Label
0,safe
1,safe
2,safe
3,safe
4,safe
5,safe
6,safe
7,safe
8,safe
9,safe
10,safe
11,safe
12,safe
13,safe
14,safe
15,safe
16,safe
17,safe
18,safe
19,safe
20,safe
21,safe
22,safe
23,safe
24,safe
25,safe
26,safe
27,safe
28,safe
29,safe
30,safe
31,safe
32,safe
33,safe
34,safe
35,safe
36,safe
37,safe
38,safe
39,safe
40,safe
41,safe
42,safe
43,safe
44,safe
45,safe
46,safe
47,safe
48,safe
49,safe
50,safe
51,safe
52,safe
53,safe
54,safe
55,safe
56,safe
57,safe
58,safe
59,safe
60,safe
61,safe
62,safe
63,safe
64,safe
65,safe
66,safe
67,safe
68,safe
69,safe
70,safe
71,safe
72,safe
73,safe
74,safe
75,safe
76,safe
77,safe
78,safe
79,safe
80,safe
81,safe
82,safe
83,safe
84,safe
85,safe
86,safe
87,safe
88,safe
89,safe
90,safe
91,safe
92,safe
93,safe
94,safe
95,safe
96,safe
97,safe
98,safe
99,safe
100,safe
101,safe
102,safe
103,safe
104,safe
105,safe
106,safe
107,safe
108,safe
109,safe
110,safe
111,safe
112,safe
113,safe
114,safe
115,safe
116,safe
117,safe
118,safe
119,safe
120,safe
121,safe
122,safe
123,safe
124,safe
125,safe
126,safe
127,safe
128,safe
129,safe
130,safe
131,safe
132,safe
133,safe
134,safe
135,safe
136,safe
137,safe
138,safe
139,safe
140,safe
141,safe
142,safe
143,safe
144,safe
145,safe
146,safe
147,safe
148,safe
149,safe
150,safe
151,safe
152,safe
153,safe
154,safe
155,safe
156,safe
157,safe
158,safe
159,safe
160,safe
161,safe
162,safe
163,safe
164,safe
165,safe
166,safe
167,safe
168,safe
169,safe
170,safe
171,safe
172,safe
173,safe
174,safe
175,safe
176,safe
177,safe
178,safe
179,safe
180,safe
181,safe
182,safe
183,safe
184,safe
185,safe
186,safe
187,safe
188,safe
189,safe
190,safe
191,safe
192,safe
193,safe
194,safe
195,safe
196,safe
197,safe
198,safe
199,safe
200,safe
201,safe
202,safe
203,safe
204,safe
205,safe
206,safe
207,safe
208,safe
209,safe
210,safe
211,safe
212,safe
213,safe
214,safe
215,safe
216,safe
217,safe
218,safe
219,safe
220,safe
221,safe
222,safe
223,safe
224,safe
225,safe
226,safe
227,safe
228,safe
229,safe
230,safe
231,safe
232,safe
233,safe
234,safe
235,safe
236,safe
237,safe
238,safe
239,safe
240,safe
241,safe
242,safe
243,safe
244,safe
245,safe
246,safe
247,safe
248,safe
249,safe
250,safe
251,safe
252,safe
253,safe
254,safe
255,safe
256,safe
257,safe
258,safe
259,safe
260,safe
261,safe
262,safe
263,safe
264,safe
265,safe
266,safe
267,safe
268,safe
269,safe
270,safe
271,safe
272,safe
273,safe
274,safe
275,safe
276,safe
277,safe
278,safe
279,safe
280,safe
281,safe
282,safe
283,safe
284,safe
285,safe
286,safe
287,safe
288,safe
289,safe
290,safe
291,safe
292,safe
293,safe
294,safe
295,safe
296,safe
297,safe
298,safe
299,safe
300,safe
301,safe
302,safe
303,safe
304,safe
305,safe
306,safe
307,safe
308,safe
309,safe
310,safe
311,safe
312,safe
313,safe
314,safe
315,safe
316,safe
317,safe
318,safe
319,safe
320,safe
321,safe
322,safe
323,safe
324,safe
325,safe
326,safe
327,safe
328,safe
329,safe
330,safe
331,safe
332,safe
333,safe
334,safe
335,safe
336,safe
337,safe
338,safe
339,safe
340,safe
341,safe
342,safe
343,safe
344,safe
345,safe
346,safe
347,safe
348,safe
349,safe
350,safe
351,safe
352,safe
353,safe
354,safe
355,safe
356,safe
357,safe
358,safe
359,safe
360,safe
361,safe
362,safe
363,safe
364,safe
365,safe
366,safe
367,safe
368,safe
369,safe
370,safe
371,safe
372,safe
373,safe
374,safe
375,safe
376,safe
377,safe
378,safe
379,safe
380,safe
381,safe
382,safe
383,safe
384,safe
385,safe
386,safe
387,safe
388,safe
389,safe
390,safe
391,safe
392,safe
393,safe
394,safe
395,safe
396,safe
397,safe
398,safe
399,safe
400,safe
401,safe
402,safe
403,safe
404,safe
405,safe
406,safe
407,safe
408,safe
409,safe
410,safe
411,safe
412,safe
413,safe
414,safe
415,safe
416,safe
417,safe
418,safe
419,safe
420,safe
421,safe
422,safe
423,safe
424,safe
425,safe
426,safe
427,safe
428,safe
429,safe
430,safe
431,safe
432,safe
433,safe
434,safe
435,safe
436,safe
437,safe
438,safe
439,safe
440,safe
441,safe
442,safe
443,safe
444,safe
445,safe
446,safe
447,safe
448,safe
449,safe
450,safe
451,safe
452,safe
453,safe
454,safe
455,safe
456,safe
457,safe
458,safe
459,safe
460,safe
461,safe
462,safe
463,safe
464,safe
465,safe
466,safe
467,safe
468,safe
469,safe
470,safe
471,safe
472,safe
473,safe
474,safe
475,safe
476,safe
477,safe
478,safe
479,safe
480,safe
481,safe
482,safe
483,safe
484,safe
485,safe
486,safe
487,safe
488,safe
489,safe
490,safe
491,safe
492,safe
493,safe
494,safe
495,safe
496,safe
497,safe
498,safe
499,safe
500,safe
501,safe
502,safe
503,safe
504,safe
505,safe
506,safe
507,safe
508,safe
509,safe
510,safe
511,safe
512,safe
513,safe
514,safe
515,safe
516,safe
517,safe
518,safe
519,safe
520,safe
521,safe
522,safe
523,safe
524,safe
525,safe
526,safe
527,safe
528,safe
529,safe
530,safe
531,safe
532,safe
533,safe
534,safe
535,safe
536,safe
537,safe
538,safe
539,safe
540,safe
541,safe
542,safe
543,safe
544,safe
545,safe
546,safe
547,safe
548,safe
549,safe
550,safe
551,safe
552,safe
553,safe
554,safe
555,safe
556,safe
557,safe
558,safe
559,safe
560,safe
561,safe
562,safe
563,safe
564,safe
565,safe
566,safe
567,safe
568,safe
569,safe
570,safe
571,safe
572,safe
573,safe
574,safe
575,safe
576,safe
577,safe
578,safe
579,safe
580,safe
581,safe
582,safe
583,safe
584,safe
585,safe
586,safe
587,safe
588,safe
589,safe
590,safe
591,safe
592,safe
593,safe
594,safe
595,safe
596,safe
597,safe
598,safe
599,safe
600,safe
601,safe
602,safe
603,safe
604,safe
605,safe
606,safe
607,safe
608,safe
609,safe
610,safe
611,safe
612,safe
613,safe
614,safe
615,safe
616,safe
617,safe
618,safe
619,safe
620,safe
621,safe
622,safe
623,safe
624,safe
625,safe
626,safe
627,safe
628,safe
629,safe
630,safe
631,safe
632,safe
633,safe
634,safe
635,safe
636,safe
637,safe
638,safe
639,safe
640,safe
641,safe
642,safe
643,safe
644,safe
645,safe
646,safe
647,safe
648,safe
649,safe
650,safe
651,safe
652,safe
653,safe
654,safe
655,safe
656,safe
657,safe
658,safe
659,safe
660,safe
661,safe
662,safe
663,safe
664,safe
665,safe
666,safe
667,safe
668,safe
669,safe
670,safe
671,safe
672,safe
673,safe
674,safe
675,safe
676,safe
677,safe
678,safe
679,safe
680,safe
681,safe
682,safe
683,safe
684,safe
685,safe
686,safe
687,safe
688,safe
689,safe
690,safe
691,safe
692,safe
693,safe
694,safe
695,safe
696,safe
697,safe
698,safe
699,safe
700,safe
701,safe
702,safe
703,safe
704,safe
705,safe
706,safe
707,safe
708,safe
709,safe
710,safe
711,safe
712,safe
713,safe
714,safe
715,safe
716,safe
717,safe
718,safe
719,safe
720,safe
721,safe
722,safe
723,safe
724,safe
725,safe
726,safe
727,safe
728,safe
729,safe
730,safe
731,safe
732,safe
733,safe
734,safe
735,safe
736,safe
737,safe
738,safe
739,safe
740,safe
741,safe
742,safe
743,safe
744,safe
745,safe
746,safe
747,safe
748,safe
749,safe
750,safe
751,safe
752,safe
753,safe
754,safe
755,safe
756,safe
757,safe
758,safe
759,safe
760,safe
761,safe
762,safe
763,safe
764,safe
765,safe
766,safe
767,safe
768,malware
769,safe
770,safe
771,safe
772,safe
773,safe
774,safe
775,safe
776,safe
777,safe
778,safe
779,safe
780,safe
781,safe
782,safe
783,safe
784,safe
785,safe
786,safe
787,safe
788,safe
789,safe
790,safe
791,safe
792,safe
793,safe
794,safe
795,safe
796,safe
797,safe
798,safe
799,safe
800,safe
801,safe
802,safe
803,safe
804,safe
805,safe
806,safe
807,safe
808,safe
809,safe
810,safe
811,safe
812,safe
813,safe
814,safe
815,safe
816,safe
817,safe
818,safe
819,safe
820,safe
821,safe
822,safe
823,safe
824,safe
825,safe
826,safe
827,safe
828,safe
829,safe
830,safe
831,safe
832,safe
833,safe
834,safe
835,safe
836,safe
837,safe
838,safe
839,safe
840,safe
841,safe
842,safe
843,safe
844,safe
845,safe
846,safe
847,safe
848,safe
849,safe
850,safe
851,safe
852,safe
853,safe
854,safe
855,safe
856,safe
857,safe
858,safe
859,safe
860,safe
861,safe
862,safe
863,safe
864,safe
865,safe
866,safe
867,safe
868,safe
869,safe
870,safe
871,safe
872,safe
873,safe
874,safe
875,safe
876,safe
877,safe
878,safe
879,safe
880,safe
881,safe
882,safe
883,safe
884,safe
885,safe
886,safe
887,safe
888,safe
889,safe
890,safe
891,safe
892,safe
893,safe
894,safe
895,safe
896,safe
897,safe
898,safe
899,safe
900,safe
901,safe
902,safe
903,safe
904,safe
905,safe
906,safe
907,safe
908,safe
909,safe
910,safe
911,safe
912,safe
913,safe
914,safe
915,safe
916,safe
917,safe
918,safe
919,safe
920,safe
921,safe
922,safe
923,safe
924,safe
925,safe
926,safe
927,safe
928,safe
929,safe
930,safe
931,safe
932,safe
933,safe
934,safe
935,safe
936,safe
937,safe
938,safe
939,safe
940,safe
941,safe
942,safe
943,safe
944,safe
945,safe
946,safe
947,safe
948,safe
949,safe
950,safe
951,safe
952,safe
953,safe
954,safe
955,safe
956,safe
957,safe
958,safe
959,safe
960,safe
961,safe
962,safe
963,safe
964,safe
965,safe
966,safe
967,safe
968,safe
969,safe
970,safe
971,safe
972,safe
973,safe
974,safe
975,safe
976,safe
977,safe
978,safe
979,safe
980,safe
981,safe
982,safe
983,safe
984,safe
985,safe
986,safe
987,safe
988,safe
989,safe
990,safe
991,safe
992,safe
993,safe
994,safe
995,safe
996,safe
997,safe
998,safe
999,safe
1000,safe
1001,safe
1002,safe
1003,safe
1004,safe
1005,safe
1006,safe
1007,safe
1008,safe
1009,safe
1010,safe
1011,safe
1012,safe
1013,safe
1014,safe
1015,safe
1016,safe
1017,safe
1018,safe
1019,safe
1020,safe
1021,safe
1022,safe
1023,safe
1024,safe
1025,safe
1026,safe
1027,safe
1028,safe
1029,safe
1030,safe
1031,safe
1032,safe
1033,safe
1034,safe
1035,safe
1036,safe
1037,safe
1038,safe
1039,safe
1040,safe
1041,safe
1042,safe
1043,safe
1044,safe
1045,safe
1046,safe
1047,safe
1048,safe
1049,safe
1050,safe
1051,safe
1052,safe
1053,safe
1054,safe
1055,safe
1056,safe
1057,safe
1058,safe
1059,safe
1060,safe
1061,safe
1062,safe
1063,safe
1064,safe
1065,safe
1066,safe
1067,safe
1068,safe
1069,safe
1070,safe
1071,safe
1072,safe
1073,safe
1074,safe
1075,safe
1076,safe
1077,safe
1078,safe
1079,safe
1080,safe
1081,safe
1082,safe
1083,safe
1084,safe
1085,safe
1086,safe
1087,safe
1088,safe
1089,safe
1090,safe
1091,safe
1092,safe
1093,safe
1094,safe
1095,safe
1096,safe
1097,safe
1098,safe
1099,safe
1100,safe
1101,safe
1102,safe
1103,safe
1104,safe
1105,safe
1106,safe
1107,safe
1108,safe
1109,safe
1110,safe
1111,safe
1112,safe
1113,safe
1114,safe
1115,safe
1116,safe
1117,safe
1118,safe
1119,safe
1120,safe
1121,safe
1122,safe
1123,safe
1124,safe
1125,safe
1126,safe
1127,safe
1128,safe
1129,safe
1130,safe
1131,safe
1132,safe
1133,safe
1134,safe
1135,safe
1136,safe
1137,safe
1138,safe
1139,safe
1140,safe
1141,safe
1142,safe
1143,safe
1144,safe
1145,safe
1146,safe
1147,safe
1148,safe
1149,safe
1150,safe
1151,safe
1152,safe
1153,safe
1154,safe
1155,safe
1156,safe
1157,safe
1158,safe
1159,safe
1160,safe
1161,safe
1162,safe
1163,safe
1164,safe
1165,safe
1166,safe
1167,safe
1168,safe
1169,safe
1170,safe
1171,safe
1172,safe
1173,safe
1174,safe
1175,safe
1176,safe
1177,safe
1178,safe
1179,safe
1180,safe
1181,safe
1182,safe
1183,safe
1184,safe
1185,safe
1186,safe
1187,safe
1188,safe
1189,safe
1190,safe
1191,safe
1192,safe
1193,safe
1194,safe
1195,safe
1196,safe
1197,safe
1198,safe
1199,safe
1200,safe
1201,safe
1202,safe
1203,safe
1204,safe
1205,safe
1206,safe
1207,safe
1208,safe
1209,safe
1210,safe
1211,safe
1212,safe
1213,safe
1214,safe
1215,safe
1216,safe
1217,safe
1218,safe
1219,safe
1220,safe
1221,safe
1222,safe
1223,safe
1224,safe
1225,safe
1226,safe
1227,safe
1228,safe
1229,safe
1230,safe
1231,safe
1232,safe
1233,safe
1234,safe
1235,safe
1236,safe
1237,safe
1238,safe
1239,safe
1240,safe
1241,safe
1242,safe
1243,safe
1244,safe
1245,safe
1246,safe
1247,safe
1248,safe
1249,safe
1250,safe
1251,safe
1252,safe
1253,safe
1254,safe
1255,safe
1256,safe
1257,safe
1258,safe
1259,safe
1260,safe
1261,safe
1262,safe
1263,safe
1264,safe
1265,safe
1266,safe
1267,safe
1268,safe
1269,safe
1270,safe
1271,safe
1272,safe
1273,safe
1274,safe
1275,safe
1276,safe
1277,safe
1278,safe
1279,safe
1280,safe
1281,safe
1282,safe
1283,safe
1284,safe
1285,safe
1286,safe
1287,safe
1288,safe
1289,safe
1290,safe
1291,safe
1292,safe
1293,safe
1294,safe
1295,safe
1296,safe
1297,safe
1298,safe
1299,safe
1300,safe
1301,safe
1302,safe
1303,safe
1304,safe
1305,safe
1306,safe
1307,safe
1308,safe
1309,safe
1310,safe
1311,safe
1312,safe
1313,safe
1314,safe
1315,safe
1316,safe
1317,safe
1318,safe
1319,safe
1320,safe
1321,safe
1322,safe
1323,safe
1324,safe
1325,safe
1326,safe
1327,safe
1328,safe
1329,safe
1330,safe
1331,safe
1332,safe
1333,safe
1334,safe
1335,safe
1336,safe
1337,safe
1338,safe
1339,safe
1340,safe
1341,safe
1342,safe
1343,safe
1344,safe
1345,safe
1346,safe
1347,safe
1348,safe
1349,safe
1350,safe
1351,safe
1352,safe
1353,safe
1354,safe
1355,safe
1356,safe
1357,safe
1358,safe
1359,safe
1360,safe
1361,safe
1362,safe
1363,safe
1364,safe
1365,safe
1366,safe
1367,safe
1368,safe
1369,safe
1370,safe
1371,safe
1372,safe
1373,safe
1374,safe
1375,safe
1376,safe
1377,safe
1378,safe
1379,safe
1380,safe
1381,safe
1382,safe
1383,safe
1384,safe
1385,safe
1386,safe
1387,safe
1388,safe
1389,safe
1390,safe
1391,safe
1392,safe
1393,safe
1394,safe
1395,safe
1396,safe
1397,safe
1398,safe
1399,safe
1400,safe
1401,safe
1402,safe
1403,safe
1404,safe
1405,safe
1406,safe
1407,safe
1408,safe
1409,safe
1410,safe
1411,safe
1412,safe
1413,safe
1414,safe
1415,safe
1416,safe
1417,safe
1418,safe
1419,safe
1420,safe
1421,safe
1422,safe
1423,safe
1424,safe
1425,safe
1426,safe
1427,safe
1428,safe
1429,safe
1430,safe
1431,safe
1432,safe
1433,safe
1434,safe
1435,safe
1436,safe
1437,safe
1438,safe
1439,safe
1440,safe
1441,safe
1442,safe
1443,safe
1444,safe
1445,safe
1446,safe
1447,safe
1448,safe
1449,safe
1450,safe
1451,safe
1452,safe
1453,safe
1454,safe
1455,safe
1456,safe
1457,safe
1458,safe
1459,safe
1460,safe
1461,safe
1462,safe
1463,safe
1464,safe
1465,safe
1466,safe
1467,safe
1468,safe
1469,safe
1470,safe
1471,safe
1472,safe
1473,safe
1474,safe
1475,safe
1476,safe
1477,safe
1478,safe
1479,safe
1480,safe
1481,safe
1482,safe
1483,safe
1484,safe
1485,safe
1486,safe
1487,safe
1488,safe
1489,safe
1490,safe
1491,safe
1492,safe
1493,safe
1494,safe
1495,safe
1496,safe
1497,safe
1498,safe
1499,safe
1500,safe
1501,safe
1502,safe
1503,safe
1504,safe
1505,safe
1506,safe
1507,safe
1508,safe
1509,safe
1510,safe
1511,safe
1512,safe
1513,safe
1514,safe
1515,safe
1516,safe
1517,safe
1518,safe
1519,safe
1520,safe
1521,safe
1522,safe
1523,safe
1524,safe
1525,safe
1526,safe
1527,safe
1528,safe
1529,safe
1530,safe
1531,safe
1532,safe
1533,safe
1534,safe
1535,safe
1536,safe
1537,safe
1538,safe
1539,safe
1540,safe
1541,safe
1542,safe
1543,safe
1544,safe
1545,safe
1546,safe
1547,safe
1548,safe
1549,safe
1550,safe
1551,safe
1552,safe
1553,safe
1554,safe
1555,safe
1556,safe
1557,safe
1558,safe
1559,safe
1560,safe
1561,safe
1562,safe
1563,safe
1564,safe
1565,safe
1566,safe
1567,safe
1568,safe
1569,safe
1570,safe
1571,safe
1572,safe
1573,safe
1574,safe
1575,safe
1576,safe
1577,safe
1578,safe
1579,safe
1580,safe
1581,safe
1582,safe
1583,safe
1584,safe
1585,safe
1586,safe
1587,safe
1588,safe
1589,safe
1590,safe
1591,safe
1592,safe
1593,safe
1594,safe
1595,safe
1596,safe
1597,safe
1598,safe
1599,safe
1600,safe
1601,safe
1602,safe
1603,safe
1604,safe
1605,safe
1606,safe
1607,safe
1608,safe
1609,safe
1610,safe
1611,safe
1612,safe
1613,safe
1614,safe
1615,safe
1616,safe
1617,safe
1618,safe
1619,safe
1620,safe
1621,safe
1622,safe
1623,safe
1624,safe
1625,safe
1626,safe
1627,safe
1628,safe
1629,safe
1630,safe
1631,safe
1632,safe
1633,safe
1634,safe
1635,safe
1636,safe
1637,safe
1638,safe
1639,safe
1640,safe
1641,safe
1642,safe
1643,safe
1644,safe
1645,safe
1646,safe
1647,safe
1648,safe
1649,safe
1650,safe
1651,safe
1652,safe
1653,safe
1654,safe
1655,safe
1656,safe
1657,safe
1658,safe
1659,safe
1660,safe
1661,safe
1662,safe
1663,safe
1664,safe
1665,safe
1666,safe
1667,safe
1668,safe
1669,safe
1670,safe
1671,safe
1672,safe
1673,safe
1674,safe
1675,safe
1676,safe
1677,safe
1678,safe
1679,safe
1680,safe
1681,safe
1682,safe
1683,safe
1684,safe
1685,safe
1686,safe
1687,safe
1688,safe
1689,safe
1690,safe
1691,safe
1692,safe
1693,safe
1694,safe
1695,safe
1696,safe
1697,safe
1698,safe
1699,safe
1700,safe
1701,safe
1702,safe
1703,safe
1704,safe
1705,safe
1706,safe
1707,safe
1708,safe
1709,safe
1710,safe
1711,safe
1712,safe
1713,safe
1714,safe
1715,safe
1716,safe
1717,safe
1718,safe
1719,safe
1720,safe
1721,safe
1722,safe
1723,safe
1724,safe
1725,safe
1726,safe
1727,safe
1728,safe
1729,safe
1730,safe
1731,safe
1732,safe
1733,safe
1734,safe
1735,safe
1736,safe
1737,safe
1738,safe
1739,safe
1740,safe
1741,safe
1742,safe
1743,safe
1744,safe
1745,safe
1746,safe
1747,safe
1748,safe
1749,safe
1750,safe
1751,safe
1752,safe
1753,safe
1754,safe
1755,safe
1756,safe
1757,safe
1758,safe
1759,safe
1760,safe
1761,safe
1762,safe
1763,safe
1764,safe
1765,safe
1766,safe
1767,safe
1768,safe
1769,safe
1770,safe
1771,safe
1772,safe
1773,safe
1774,safe
1775,safe
1776,safe
1777,safe
1778,safe
1779,safe
1780,safe
1781,safe
1782,safe
1783,safe
1784,safe
1785,safe
1786,safe
1787,safe
1788,safe
1789,safe
1790,safe
1791,safe
1792,safe
1793,safe
1794,safe
1795,safe
1796,safe
1797,safe
1798,safe
1799,safe
1800,safe
1801,safe
1802,safe
1803,safe
1804,safe
1805,safe
1806,safe
1807,safe
1808,safe
1809,safe
1810,safe
1811,safe
1812,safe
1813,safe
1814,safe
1815,safe
1816,safe
1817,safe
1818,safe
1819,safe
1820,safe
1821,safe
1822,safe
1823,safe
1824,safe
1825,safe
1826,safe
1827,safe
1828,safe
1829,safe
1830,safe
1831,safe
1832,safe
1833,safe
1834,safe
1835,safe
1836,safe
1837,safe
1838,safe
1839,safe
1840,safe
1841,safe
1842,safe
1843,safe
1844,safe
1845,safe
1846,safe
1847,safe
1848,safe
1849,safe
1850,safe
1851,safe
1852,safe
1853,safe
1854,safe
1855,safe
1856,safe
1857,safe
1858,safe
1859,safe
1860,safe
1861,safe
1862,safe
1863,safe
1864,safe
1865,safe
1866,safe
1867,safe
1868,safe
1869,safe
1870,safe
1871,safe
1872,safe
1873,safe
1874,safe
1875,safe
1876,safe
1877,safe
1878,safe
1879,safe
1880,safe
1881,safe
1882,safe
1883,safe
1884,safe
1885,safe
1886,safe
1887,safe
1888,safe
1889,safe
1890,safe
1891,safe
1892,safe
1893,safe
1894,safe
1895,safe
1896,safe
1897,safe
1898,safe
1899,safe
1900,safe
1901,safe
1902,safe
1903,safe
1904,safe
1905,safe
1906,safe
1907,safe
1908,safe
1909,safe
1910,safe
1911,safe
1912,safe
1913,safe
1914,safe
1915,safe
1916,safe
1917,safe
1918,safe
1919,safe
1920,safe
1921,safe
1922,safe
1923,safe
1924,safe
1925,safe
1926,safe
1927,safe
1928,safe
1929,safe
1930,safe
1931,safe
1932,safe
1933,safe
1934,safe
1935,safe
1936,safe
1937,safe
1938,safe
1939,safe
1940,safe
1941,safe
1942,safe
1943,safe
1944,safe
1945,safe
1946,safe
1947,safe
1948,safe
1949,safe
1950,safe
1951,safe
1952,safe
1953,safe
1954,safe
1955,safe
1956,safe
1957,safe
1958,safe
1959,safe
1960,safe
1961,safe
1962,safe
1963,safe
1964,safe
1965,safe
1966,safe
1967,safe
1968,safe
1969,safe
1970,safe
1971,safe
1972,safe
1973,safe
1974,safe
1975,safe
1976,safe
1977,safe
1978,safe
1979,safe
1980,safe
1981,safe
1982,safe
1983,safe
1984,safe
1985,safe
1986,safe
1987,safe
1988,safe
1989,safe
1990,safe
1991,safe
1992,safe
1993,safe
1994,safe
1995,safe
1996,safe
1997,safe
1998,safe
1999,safe
2000,safe
2001,safe
2002,safe
2003,safe
2004,safe
2005,safe
2006,safe
2007,safe
2008,safe
2009,safe
2010,safe
2011,safe
2012,safe
2013,safe
2014,safe
2015,safe
2016,safe
2017,safe
2018,safe
2019,safe
2020,safe
2021,safe
2022,safe
2023,safe
2024,safe
2025,safe
2026,safe
2027,safe
2028,safe
2029,safe
2030,safe
2031,safe
2032,safe
2033,safe
2034,safe
2035,safe
2036,safe
2037,safe
2038,safe
2039,safe
2040,safe
2041,safe
2042,safe
2043,safe
2044,safe
2045,safe
2046,safe
2047,safe
2048,safe
2049,safe
2050,safe
2051,safe
2052,safe
2053,safe
2054,safe
2055,safe
2056,safe
2057,safe
2058,safe
2059,safe
2060,safe
2061,safe
2062,safe
2063,safe
2064,safe
2065,safe
2066,safe
2067,safe
2068,safe
2069,safe
2070,safe
2071,safe
2072,safe
2073,safe
2074,safe
2075,safe
2076,safe
2077,safe
2078,safe
2079,safe
2080,safe
2081,safe
2082,safe
2083,safe
2084,safe
2085,safe
2086,safe
2087,safe
2088,safe
2089,safe
2090,safe
2091,safe
2092,safe
2093,safe
2094,safe
2095,safe
2096,safe
2097,safe
2098,safe
2099,safe
2100,safe
2101,safe
2102,safe
2103,safe
2104,safe
2105,safe
2106,safe
2107,safe
2108,safe
2109,safe
2110,safe
2111,safe
2112,safe
2113,safe
2114,safe
2115,safe
2116,safe
2117,safe
2118,safe
2119,safe
2120,safe
2121,safe
2122,safe
2123,safe
2124,safe
2125,safe
2126,safe
2127,safe
2128,safe
2129,safe
2130,safe
2131,safe
2132,safe
2133,safe
2134,safe
2135,safe
2136,safe
2137,safe
2138,safe
2139,safe
2140,safe
2141,safe
2142,safe
2143,safe
2144,safe
2145,safe
2146,safe
2147,safe
2148,safe
2149,safe
2150,safe
2151,safe
2152,safe
2153,safe
2154,safe
2155,safe
2156,safe
2157,safe
2158,safe
2159,safe
2160,safe
2161,safe
2162,safe
2163,safe
2164,safe
2165,safe
2166,safe
2167,safe
2168,safe
2169,safe
2170,safe
2171,safe
2172,safe
2173,safe
2174,safe
2175,safe
2176,safe
2177,safe
2178,safe
2179,safe
2180,safe
2181,safe
2182,safe
2183,safe
2184,safe
2185,safe
2186,safe
2187,safe
2188,safe
2189,safe
2190,safe
2191,safe
2192,safe
2193,safe
2194,safe
2195,safe
2196,safe
2197,safe
2198,safe
2199,safe
2200,safe
2201,safe
2202,safe
2203,safe
2204,safe
2205,safe
2206,safe
2207,safe
2208,safe
2209,safe
2210,safe
2211,safe
2212,safe
2213,safe
2214,safe
2215,safe
2216,safe
2217,safe
2218,safe
2219,safe
2220,safe
2221,safe
2222,safe
2223,safe
2224,safe
2225,safe
2226,safe
2227,safe
2228,safe
2229,safe
2230,safe
2231,safe
2232,safe
2233,safe
2234,safe
2235,safe
2236,safe
2237,safe
2238,safe
2239,safe
2240,safe
2241,safe
2242,safe
2243,safe
2244,safe
2245,safe
2246,safe
2247,safe
2248,safe
2249,safe
2250,safe
2251,safe
2252,safe
2253,safe
2254,safe
2255,safe
2256,safe
2257,safe
2258,safe
2259,safe
2260,safe
2261,safe
2262,safe
2263,safe
2264,safe
2265,safe
2266,safe
2267,safe
2268,safe
2269,safe
2270,safe
2271,safe
2272,safe
2273,safe
2274,safe
2275,safe
2276,safe
2277,safe
2278,safe
2279,safe
2280,safe
2281,safe
2282,safe
2283,safe
2284,safe
2285,safe
2286,safe
2287,safe
2288,safe
2289,safe
2290,safe
2291,safe
2292,safe
2293,safe
2294,safe
2295,safe
2296,safe
2297,safe
2298,safe
2299,safe
2300,safe
2301,safe
2302,safe
2303,safe
2304,safe
2305,safe
2306,safe
2307,safe
2308,safe
2309,safe
2310,safe
2311,safe
2312,safe
2313,safe
2314,safe
2315,safe
2316,safe
2317,safe
2318,safe
2319,safe
2320,safe
2321,safe
2322,safe
2323,safe
2324,safe
2325,safe
2326,safe
2327,safe
2328,safe
2329,safe
2330,safe
2331,safe
2332,safe
2333,safe
2334,safe
2335,safe
2336,safe
2337,safe
2338,safe
2339,safe
2340,safe
2341,safe
2342,safe
2343,safe
2344,safe
2345,safe
2346,safe
2347,safe
2348,safe
2349,safe
2350,safe
2351,safe
2352,safe
2353,safe
2354,safe
2355,safe
2356,safe
2357,safe
2358,safe
2359,safe
2360,safe
2361,safe
2362,safe
2363,safe
2364,safe
2365,safe
2366,safe
2367,safe
2368,safe
2369,safe
2370,safe
2371,safe
2372,safe
2373,safe
2374,safe
2375,safe
2376,safe
2377,safe
2378,safe
2379,safe
2380,safe
2381,safe
2382,safe
2383,safe
2384,safe
2385,safe
2386,safe
2387,safe
2388,safe
2389,safe
2390,safe
2391,safe
2392,safe
2393,safe
2394,safe
2395,safe
2396,safe
2397,safe
2398,safe
2399,safe
2400,safe
2401,safe
2402,safe
2403,safe
2404,safe
2405,safe
2406,safe
2407,safe
2408,safe
2409,safe
2410,safe
2411,safe
2412,safe
2413,safe
2414,safe
2415,safe
2416,safe
2417,safe
2418,safe
2419,safe
2420,safe
2421,safe
2422,safe
2423,safe
2424,safe
2425,safe
2426,safe
2427,safe
2428,safe
2429,safe
2430,safe
2431,safe
2432,safe
2433,safe
2434,safe
2435,safe
2436,safe
2437,safe
2438,safe
2439,safe
2440,safe
2441,safe
2442,safe
2443,safe
2444,safe
2445,safe
2446,safe
2447,safe
2448,safe
2449,safe
2450,safe
2451,safe
2452,safe
2453,safe
2454,safe
2455,safe
2456,safe
2457,safe
2458,safe
2459,safe
2460,safe
2461,safe
2462,safe
2463,safe
2464,safe
2465,safe
2466,safe
2467,safe
2468,safe
2469,safe
2470,safe
2471,safe
2472,safe
2473,safe
2474,safe
2475,safe
2476,safe
2477,safe
2478,safe
2479,safe
2480,safe
2481,safe
2482,safe
2483,safe
2484,safe
2485,safe
2486,safe
2487,safe
2488,safe
2489,safe
2490,safe
2491,safe
2492,safe
2493,safe
2494,safe
2495,safe
2496,safe
2497,safe
2498,safe
2499,safe
2500,safe
2501,safe
2502,safe
2503,safe
2504,safe
2505,safe
2506,safe
2507,safe
2508,safe
2509,safe
2510,safe
2511,safe
2512,safe
2513,safe
2514,safe
2515,safe
2516,safe
2517,safe
2518,safe
2519,safe
2520,safe
2521,safe
2522,safe
2523,safe
2524,safe
2525,safe
2526,safe
2527,safe
2528,safe
2529,safe
2530,safe
2531,safe
2532,safe
2533,safe
2534,safe
2535,safe
2536,safe
2537,safe
2538,safe
2539,safe
2540,safe
2541,safe
2542,safe
2543,safe
2544,safe
2545,safe
2546,safe
2547,safe
2548,safe
2549,safe
2550,safe
2551,safe
2552,safe
2553,safe
2554,safe
2555,safe
2556,safe
2557,safe
2558,safe
2559,safe
2560,safe
2561,safe
2562,safe
2563,safe
2564,safe
2565,safe
2566,safe
2567,safe
2568,safe
2569,safe
2570,safe
2571,safe
2572,safe
2573,safe
2574,safe
2575,safe
2576,safe
2577,safe
2578,safe
2579,safe
2580,safe
2581,safe
2582,safe
2583,safe
2584,safe
2585,safe
2586,safe
2587,safe
2588,safe
2589,safe
2590,safe
2591,safe
2592,safe
2593,safe
2594,safe
2595,safe
2596,safe
2597,safe
2598,safe
2599,safe
2600,safe
2601,safe
2602,safe
2603,safe
2604,safe
2605,safe
2606,safe
2607,safe
2608,safe
2609,safe
2610,safe
2611,safe
2612,safe
2613,safe
2614,safe
2615,safe
2616,safe
2617,safe
2618,safe
2619,safe
2620,safe
2621,safe
2622,safe
2623,safe
2624,safe
2625,safe
2626,safe
2627,safe
2628,safe
2629,safe
2630,safe
2631,safe
2632,safe
2633,safe
2634,safe
2635,safe
2636,safe
2637,safe
2638,safe
2639,safe
2640,safe
2641,safe
2642,safe
2643,safe
2644,safe
2645,safe
2646,safe
2647,safe
2648,safe
2649,safe
2650,safe
2651,safe
2652,safe
2653,safe
2654,safe
2655,safe
2656,safe
2657,safe
2658,safe
2659,safe
2660,safe
2661,safe
2662,safe
2663,safe
2664,safe
2665,safe
2666,safe
2667,safe
2668,safe
2669,safe
2670,safe
2671,safe
2672,safe
2673,safe
2674,safe
2675,safe
2676,safe
2677,safe
2678,safe
2679,safe
2680,safe
2681,safe
2682,safe
2683,safe
2684,safe
2685,safe
2686,safe
2687,safe
2688,safe
2689,safe
2690,safe
2691,safe
2692,safe
2693,safe
2694,safe
2695,safe
2696,safe
2697,safe
2698,safe
2699,safe
2700,safe
2701,safe
2702,safe
2703,safe
2704,safe
2705,safe
2706,safe
2707,safe
2708,safe
2709,safe
2710,safe
2711,safe
2712,safe
2713,safe
2714,safe
2715,safe
2716,safe
2717,safe
2718,safe
2719,safe
2720,safe
2721,safe
2722,safe
2723,safe
2724,safe
2725,safe
2726,safe
2727,safe
2728,safe
2729,safe
2730,safe
2731,safe
2732,safe
2733,safe
2734,safe
2735,safe
2736,safe
2737,safe
2738,safe
2739,safe
2740,safe
2741,safe
2742,safe
2743,safe
2744,safe
2745,safe
2746,safe
2747,safe
2748,safe
2749,safe
2750,safe
2751,safe
2752,safe
2753,safe
2754,safe
2755,safe
2756,safe
2757,safe
2758,safe
2759,safe
2760,safe
2761,safe
2762,safe
2763,safe
2764,safe
2765,safe
2766,safe
2767,safe
2768,safe
2769,safe
2770,safe
2771,safe
2772,safe
2773,safe
2774,safe
2775,safe
2776,safe
2777,safe
2778,safe
2779,safe
2780,safe
2781,safe
2782,safe
2783,safe
2784,safe
2785,safe
2786,safe
2787,safe
2788,safe
2789,safe
2790,safe
2791,safe
2792,safe
2793,safe
2794,safe
2795,safe
2796,safe
2797,safe
2798,safe
2799,safe
2800,safe
2801,safe
2802,safe
2803,safe
2804,safe
2805,safe
2806,safe
2807,safe
2808,safe
2809,safe
2810,safe
2811,safe
2812,safe
2813,safe
2814,safe
2815,safe
2816,safe
2817,safe
2818,safe
2819,safe
2820,safe
2821,safe
2822,safe
2823,safe
2824,safe
2825,safe
2826,safe
2827,safe
2828,safe
2829,safe
2830,safe
2831,safe
2832,safe
2833,safe
2834,safe
2835,safe
2836,safe
2837,safe
2838,safe
2839,safe
2840,safe
2841,safe
2842,safe
2843,safe
2844,safe
2845,safe
2846,safe
2847,safe
2848,safe
2849,safe
2850,safe
2851,safe
2852,safe
2853,safe
2854,safe
2855,safe
2856,safe
2857,safe
2858,safe
2859,safe
2860,safe
2861,safe
2862,safe
2863,safe
2864,safe
2865,safe
2866,safe
2867,safe
2868,safe
2869,safe
2870,safe
2871,safe
2872,safe
2873,safe
2874,safe
2875,safe
2876,safe
2877,safe
2878,safe
2879,safe
2880,safe
2881,safe
2882,safe
2883,safe
2884,safe
2885,safe
2886,safe
2887,safe
2888,safe
2889,safe
2890,safe
2891,safe
2892,safe
2893,safe
2894,safe
2895,safe
2896,safe
2897,safe
2898,safe
2899,safe
2900,safe
2901,safe
2902,safe
2903,safe
2904,safe
2905,safe
2906,safe
2907,safe
2908,safe
2909,safe
2910,safe
2911,safe
2912,safe
2913,safe
2914,safe
2915,safe
2916,safe
2917,safe
2918,safe
2919,safe
2920,safe
2921,safe
2922,safe
2923,safe
2924,safe
2925,safe
2926,safe
2927,safe
2928,safe
2929,safe
2930,safe
2931,safe
2932,safe
2933,safe
2934,safe
2935,safe
2936,safe
2937,safe
2938,safe
2939,safe
2940,safe
2941,safe
2942,safe
2943,safe
2944,safe
2945,safe
2946,safe
2947,safe
2948,safe
2949,safe
2950,safe
2951,safe
2952,safe
2953,safe
2954,safe
2955,safe
2956,safe
2957,safe
2958,safe
2959,safe
2960,safe
2961,safe
2962,safe
2963,safe
2964,safe
2965,safe
2966,safe
2967,safe
2968,safe
2969,safe
2970,safe
2971,safe
2972,safe
2973,safe
2974,safe
2975,safe
2976,safe
2977,safe
2978,safe
2979,safe
2980,safe
2981,safe
2982,safe
2983,safe
2984,safe
2985,safe
2986,safe
2987,safe
2988,safe
2989,safe
2990,safe
2991,safe
2992,safe
2993,safe
2994,safe
2995,safe
2996,safe
2997,safe
2998,safe
2999,safe
3000,safe
3001,safe
3002,safe
3003,safe
3004,safe
3005,safe
3006,safe
3007,safe
3008,safe
3009,safe
3010,safe
3011,safe
3012,safe
3013,safe
3014,safe
3015,safe
3016,safe
3017,safe
3018,safe
3019,safe
3020,safe
3021,safe
3022,safe
3023,safe
3024,safe
3025,safe
3026,safe
3027,safe
3028,safe
3029,safe
3030,safe
3031,safe
3032,safe
3033,safe
3034,safe
3035,safe
3036,safe
3037,safe
3038,safe
3039,safe
3040,safe
3041,safe
3042,safe
3043,safe
3044,safe
3045,safe
3046,safe
3047,safe
3048,safe
3049,safe
3050,safe
3051,safe
3052,safe
3053,safe
3054,safe
3055,safe
3056,safe
3057,safe
3058,safe
3059,safe
3060,safe
3061,safe
3062,safe
3063,safe
3064,safe
3065,safe
3066,safe
3067,safe
3068,safe
3069,safe
3070,safe
3071,safe
3072,safe
3073,safe
3074,safe
3075,safe
3076,safe
3077,safe
3078,safe
3079,safe
3080,safe
3081,safe
3082,safe
3083,safe
3084,safe
3085,safe
3086,safe
3087,safe
3088,safe
3089,safe
3090,safe
3091,safe
3092,safe
3093,safe
3094,safe
3095,safe
3096,safe
3097,safe
3098,safe
3099,safe
3100,safe
3101,safe
3102,safe
3103,safe
3104,safe
3105,safe
3106,safe
3107,safe
3108,safe
3109,safe
3110,safe
3111,safe
3112,safe
3113,safe
3114,safe
3115,safe
3116,safe
3117,safe
3118,safe
3119,safe
3120,safe
3121,safe
3122,safe
3123,safe
3124,safe
3125,safe
3126,safe
3127,safe
3128,safe
3129,safe
3130,safe
3131,safe
3132,safe
3133,safe
3134,safe
3135,safe
3136,safe
3137,safe
3138,safe
3139,safe
3140,safe
3141,safe
3142,safe
3143,safe
3144,safe
3145,safe
3146,safe
3147,safe
3148,safe
3149,safe
3150,safe
3151,safe
3152,safe
3153,safe
3154,safe
3155,safe
3156,safe
3157,safe
3158,safe
3159,safe
3160,safe
3161,safe
3162,safe
3163,safe
3164,safe
3165,safe
3166,safe
3167,safe
3168,safe
3169,safe
3170,safe
3171,safe
3172,safe
3173,safe
3174,safe
3175,safe
3176,safe
3177,safe
3178,safe
3179,safe
3180,safe
3181,safe
3182,safe
3183,safe
3184,safe
3185,safe
3186,safe
3187,safe
3188,safe
3189,safe
3190,safe
3191,safe
3192,safe
3193,safe
3194,safe
3195,safe
3196,safe
3197,safe
3198,safe
3199,safe
3200,safe
3201,safe
3202,safe
3203,safe
3204,safe
3205,safe
3206,safe
3207,safe
3208,safe
3209,safe
3210,safe
3211,safe
3212,safe
3213,safe
3214,safe
3215,safe
3216,safe
3217,safe
3218,safe
3219,safe
3220,safe
3221,safe
3222,safe
3223,safe
3224,safe
3225,safe
3226,safe
3227,safe
3228,safe
3229,safe
3230,safe
3231,safe
3232,safe
3233,safe
3234,safe
3235,safe
3236,safe
3237,safe
3238,safe
3239,safe
3240,safe
3241,safe
3242,safe
3243,safe
3244,safe
3245,safe
3246,safe
3247,safe
3248,safe
3249,safe
3250,safe
3251,safe
3252,safe
3253,safe
3254,safe
3255,safe
3256,safe
3257,safe
3258,safe
3259,safe
3260,safe
3261,safe
3262,safe
3263,safe
3264,safe
3265,safe
3266,safe
3267,safe
3268,safe
3269,safe
3270,safe
3271,safe
3272,safe
3273,safe
3274,safe
3275,safe
3276,safe
3277,safe
3278,safe
3279,safe
3280,safe
3281,safe
3282,safe
3283,safe
3284,safe
3285,safe
3286,safe
3287,safe
3288,safe
3289,safe
3290,safe
3291,safe
3292,safe
3293,safe
3294,safe
3295,safe
3296,safe
3297,safe
3298,safe
3299,safe
3300,safe
3301,safe
3302,safe
3303,safe
3304,safe
3305,safe
3306,safe
3307,safe
3308,safe
3309,safe
3310,safe
3311,safe
3312,safe
3313,safe
3314,safe
3315,safe
3316,safe
3317,safe
3318,safe
3319,safe
3320,safe
3321,safe
3322,safe
3323,safe
3324,safe
3325,safe
3326,safe
3327,safe
3328,safe
3329,safe
3330,safe
3331,safe
3332,safe
3333,safe
3334,safe
3335,safe
3336,safe
3337,safe
3338,safe
3339,safe
3340,safe
3341,safe
3342,safe
3343,safe
3344,safe
3345,safe
3346,safe
3347,safe
3348,safe
3349,safe
3350,safe
3351,safe
3352,safe
3353,safe
3354,safe
3355,safe
3356,safe
3357,safe
3358,safe
3359,safe
3360,safe
3361,safe
3362,safe
3363,safe
3364,safe
3365,safe
3366,safe
3367,safe
3368,safe
3369,safe
3370,safe
3371,safe
3372,safe
3373,safe
3374,safe
3375,safe
3376,safe
3377,safe
3378,safe
3379,safe
3380,safe
3381,safe
3382,safe
3383,safe
3384,safe
3385,safe
3386,safe
3387,safe
3388,safe
3389,safe
3390,safe
3391,safe
3392,safe
3393,safe
3394,safe
3395,safe
3396,safe
3397,safe
3398,safe
3399,safe
3400,safe
3401,safe
3402,safe
3403,safe
3404,safe
3405,safe
3406,safe
3407,safe
3408,safe
3409,safe
3410,safe
3411,safe
3412,safe
3413,safe
3414,safe
3415,safe
3416,safe
3417,safe
3418,safe
3419,safe
3420,safe
3421,safe
3422,safe
3423,safe
3424,safe
3425,safe
3426,safe
3427,safe
3428,safe
3429,safe
3430,safe
3431,safe
3432,safe
3433,safe
3434,safe
3435,safe
3436,safe
3437,safe
3438,safe
3439,safe
3440,safe
3441,safe
3442,safe
3443,safe
3444,safe
3445,safe
3446,safe
3447,safe
3448,safe
3449,safe
3450,safe
3451,safe
3452,safe
3453,safe
3454,safe
3455,safe
3456,safe
3457,safe
3458,safe
3459,safe
3460,safe
3461,safe
3462,safe
3463,safe
3464,safe
3465,safe
3466,safe
3467,safe
3468,safe
3469,safe
3470,safe
3471,safe
3472,safe
3473,safe
3474,safe
3475,safe
3476,safe
3477,safe
3478,safe
3479,safe
3480,safe
3481,safe
3482,safe
3483,safe
3484,safe
3485,safe
3486,safe
3487,safe
3488,safe
3489,safe
3490,safe
3491,safe
3492,safe
3493,safe
3494,safe
3495,safe
3496,safe
3497,safe
3498,safe
3499,safe
3500,safe
3501,safe
3502,safe
3503,safe
3504,safe
3505,safe
3506,safe
3507,safe
3508,safe
3509,safe
3510,safe
3511,safe
3512,safe
3513,safe
3514,safe
3515,safe
3516,safe
3517,safe
3518,safe
3519,safe
3520,safe
3521,safe
3522,safe
3523,safe
3524,safe
3525,safe
3526,safe
3527,safe
3528,safe
3529,safe
3530,safe
3531,safe
3532,safe
3533,safe
3534,safe
3535,safe
3536,safe
3537,safe
3538,safe
3539,safe
3540,safe
3541,safe
3542,safe
3543,safe
3544,safe
3545,safe
3546,safe
3547,safe
3548,safe
3549,safe
3550,safe
3551,safe
3552,safe
3553,safe
3554,safe
3555,safe
3556,safe
3557,safe
3558,safe
3559,safe
3560,safe
3561,safe
3562,safe
3563,safe
3564,safe
3565,safe
3566,safe
3567,safe
3568,safe
3569,safe
3570,safe
3571,safe
3572,safe
3573,safe
3574,safe
3575,safe
3576,safe
3577,safe
3578,safe
3579,safe
3580,safe
3581,safe
3582,safe
3583,safe
3584,safe
3585,safe
3586,safe
3587,safe
3588,safe
3589,safe
3590,safe
3591,safe
3592,safe
3593,safe
3594,safe
3595,safe
3596,safe
3597,safe
3598,safe
3599,safe
3600,safe
3601,safe
3602,safe
3603,safe
3604,safe
3605,safe
3606,safe
3607,safe
3608,safe
3609,safe
3610,safe
3611,safe
3612,safe
3613,safe
3614,safe
3615,safe
3616,safe
3617,safe
3618,safe
3619,safe
3620,safe
3621,safe
3622,safe
3623,safe
3624,safe
3625,safe
3626,safe
3627,safe
3628,safe
3629,safe
3630,safe
3631,safe
3632,safe
3633,safe
3634,safe
3635,safe
3636,safe
3637,safe
3638,safe
3639,safe
3640,safe
3641,safe
3642,safe
3643,safe
3644,safe
3645,safe
3646,safe
3647,safe
3648,safe
3649,safe
3650,safe
3651,safe
3652,safe
3653,safe
3654,safe
3655,safe
3656,safe
3657,safe
3658,safe
3659,safe
3660,safe
3661,safe
3662,safe
3663,safe
3664,safe
3665,safe
3666,safe
3667,safe
3668,safe
3669,safe
3670,safe
3671,safe
3672,safe
3673,safe
3674,safe
3675,safe
3676,safe
3677,safe
3678,safe
3679,safe
3680,safe
3681,safe
3682,safe
3683,safe
3684,safe
3685,safe
3686,safe
3687,safe
3688,safe
3689,safe
3690,safe
3691,safe
3692,safe
3693,safe
3694,safe
3695,safe
3696,safe
3697,safe
3698,safe
3699,safe
3700,safe
3701,safe
3702,safe
3703,safe
3704,safe
3705,safe
3706,safe
3707,safe
3708,safe
3709,safe
3710,safe
3711,safe
3712,safe
3713,safe
3714,safe
3715,safe
3716,safe
3717,safe
3718,safe
3719,safe
3720,safe
3721,safe
3722,safe
3723,safe
3724,safe
3725,safe
3726,safe
3727,safe
3728,safe
3729,safe
3730,safe
3731,safe
3732,safe
3733,safe
3734,safe
3735,safe
3736,safe
3737,safe
3738,safe
3739,safe
3740,safe
3741,safe
3742,safe
3743,safe
3744,safe
3745,safe
3746,safe
3747,safe
3748,safe
3749,safe
3750,safe
3751,safe
3752,safe
3753,safe
3754,safe
3755,safe
3756,safe
3757,safe
3758,safe
3759,safe
3760,safe
3761,safe
3762,safe
3763,safe
3764,safe
3765,safe
3766,safe
3767,safe
3768,safe
3769,safe
3770,safe
3771,safe
3772,safe
3773,safe
3774,safe
3775,safe
3776,safe
3777,safe
3778,safe
3779,safe
3780,safe
3781,safe
3782,safe
3783,safe
3784,safe
3785,safe
3786,safe
3787,safe
3788,safe
3789,safe
3790,safe
3791,safe
3792,safe
3793,safe
3794,safe
3795,safe
3796,safe
3797,safe
3798,safe
3799,safe
3800,safe
3801,safe
3802,safe
3803,safe
3804,safe
3805,safe
3806,safe
3807,safe
3808,safe
3809,safe
3810,safe
3811,safe
3812,safe
3813,safe
3814,safe
3815,safe
3816,safe
3817,safe
3818,safe
3819,safe
3820,safe
3821,safe
3822,safe
3823,safe
3824,safe
3825,safe
3826,safe
3827,safe
3828,safe
3829,safe
3830,safe
3831,safe
3832,safe
3833,safe
3834,safe
3835,safe
3836,safe
3837,safe
3838,safe
3839,safe
3840,safe
3841,safe
3842,safe
3843,safe
3844,safe
3845,safe
3846,safe
3847,safe
3848,safe
3849,safe
3850,safe
3851,safe
3852,safe
3853,safe
3854,safe
3855,safe
3856,safe
3857,safe
3858,safe
3859,safe
3860,safe
3861,safe
3862,safe
3863,safe
3864,safe
3865,safe
3866,safe
3867,safe
3868,safe
3869,safe
3870,safe
3871,safe
3872,safe
3873,safe
3874,safe
3875,safe
3876,safe
3877,safe
3878,safe
3879,safe
3880,safe
3881,safe
3882,safe
3883,safe
3884,safe
3885,safe
3886,safe
3887,safe
3888,safe
3889,safe
3890,safe
3891,safe
3892,safe
3893,safe
3894,safe
3895,safe
3896,safe
3897,safe
3898,safe
3899,safe
3900,safe
3901,safe
3902,safe
3903,safe
3904,safe
3905,safe
3906,safe
3907,safe
3908,safe
3909,safe
3910,safe
3911,safe
3912,safe
3913,safe
3914,safe
3915,safe
3916,safe
3917,safe
3918,safe
3919,safe
3920,safe
3921,safe
3922,safe
3923,safe
3924,safe
3925,safe
3926,safe
3927,safe
3928,safe
3929,safe
3930,safe
3931,safe
3932,safe
3933,safe
3934,safe
3935,safe
3936,safe
3937,safe
3938,safe
3939,safe
3940,safe
3941,safe
3942,safe
3943,safe
3944,safe
3945,safe
3946,safe
3947,safe
3948,safe
3949,safe
3950,safe
3951,safe
3952,safe
3953,safe
3954,safe
3955,safe
3956,safe
3957,safe
3958,safe
3959,safe
3960,safe
3961,safe
3962,safe
3963,safe
3964,safe
3965,safe
3966,safe
3967,safe
3968,safe
3969,safe
3970,safe
3971,safe
3972,safe
3973,safe
3974,safe
3975,safe
3976,safe
3977,safe
3978,safe
3979,safe
3980,safe
3981,safe
3982,safe
3983,safe
3984,safe
3985,safe
3986,safe
3987,safe
3988,safe
3989,safe
3990,safe
3991,safe
3992,safe
3993,safe
3994,safe
3995,safe
3996,safe
3997,safe
3998,safe
3999,safe
4000,safe
4001,safe
4002,safe
4003,safe
4004,safe
4005,safe
4006,safe
4007,safe
4008,safe
4009,safe
4010,safe
4011,safe
4012,safe
4013,safe
4014,safe
4015,safe
4016,safe
4017,safe
4018,safe
4019,safe
4020,safe
4021,safe
4022,safe
4023,safe
4024,safe
4025,safe
4026,safe
4027,safe
4028,safe
4029,safe
4030,safe
4031,safe
4032,safe
4033,safe
4034,safe
4035,safe
4036,safe
4037,safe
4038,safe
4039,safe
4040,safe
4041,safe
4042,safe
4043,safe
4044,safe
4045,safe
4046,safe
4047,safe
4048,safe
4049,safe
4050,safe
4051,safe
4052,safe
4053,safe
4054,safe
4055,safe
4056,safe
4057,safe
4058,safe
4059,safe
4060,safe
4061,safe
4062,safe
4063,safe
4064,safe
4065,safe
4066,safe
4067,safe
4068,safe
4069,safe
4070,safe
4071,safe
4072,safe
4073,safe
4074,safe
4075,safe
4076,safe
4077,safe
4078,safe
4079,safe
4080,safe
4081,safe
4082,safe
4083,safe
4084,safe
4085,safe
4086,safe
4087,safe
4088,safe
4089,safe
4090,safe
4091,safe
4092,safe
4093,safe
4094,safe
4095,safe
4096,safe
4097,safe
4098,safe
4099,safe
4100,safe
4101,safe
4102,safe
4103,safe
4104,safe
4105,safe
4106,safe
4107,safe
4108,safe
4109,safe
4110,safe
4111,safe
4112,safe
4113,safe
4114,safe
4115,safe
4116,safe
4117,safe
4118,safe
4119,safe
4120,safe
4121,safe
4122,safe
4123,safe
4124,safe
4125,safe
4126,safe
4127,safe
4128,safe
4129,safe
4130,safe
4131,safe
4132,safe
4133,safe
4134,safe
4135,safe
4136,safe
4137,safe
4138,safe
4139,safe
4140,safe
4141,safe
4142,safe
4143,safe
4144,safe
4145,safe
4146,safe
4147,safe
4148,safe
4149,safe
4150,safe
4151,safe
4152,safe
4153,safe
4154,safe
4155,safe
4156,safe
4157,safe
4158,safe
4159,safe
4160,safe
4161,safe
4162,safe
4163,safe
4164,safe
4165,safe
4166,safe
4167,safe
4168,safe
4169,safe
4170,safe
4171,safe
4172,safe
4173,safe
4174,safe
4175,safe
4176,safe
4177,safe
4178,safe
4179,safe
4180,safe
4181,safe
4182,safe
4183,safe
4184,safe
4185,safe
4186,safe
4187,safe
4188,safe
4189,safe
4190,safe
4191,safe
4192,safe
4193,safe
4194,safe
4195,safe
4196,safe
4197,safe
4198,safe
4199,safe
4200,safe
4201,safe
4202,safe
4203,safe
4204,safe
4205,safe
4206,safe
4207,safe
4208,safe
4209,safe
4210,safe
4211,safe
4212,safe
4213,safe
4214,safe
4215,safe
4216,safe
4217,safe
4218,safe
4219,safe
4220,safe
4221,safe
4222,safe
4223,safe
4224,safe
4225,safe
4226,safe
4227,safe
4228,safe
4229,safe
4230,safe
4231,safe
4232,safe
4233,safe
4234,safe
4235,safe
4236,safe
4237,safe
4238,safe
4239,safe
4240,safe
4241,safe
4242,safe
4243,safe
4244,safe
4245,safe
4246,safe
4247,safe
4248,safe
4249,safe
4250,safe
4251,safe
4252,safe
4253,safe
4254,safe
4255,safe
4256,safe
4257,safe
4258,safe
4259,safe
4260,safe
4261,safe
4262,safe
4263,safe
4264,safe
4265,safe
4266,safe
4267,safe
4268,safe
4269,safe
4270,safe
4271,safe
4272,safe
4273,safe
4274,safe
4275,safe
4276,safe
4277,safe
4278,safe
4279,safe
4280,safe
4281,safe
4282,safe
4283,safe
4284,safe
4285,safe
4286,safe
4287,safe
4288,safe
4289,safe
4290,safe
4291,safe
4292,safe
4293,safe
4294,safe
4295,safe
4296,safe
4297,safe
4298,safe
4299,safe
4300,safe
4301,safe
4302,safe
4303,safe
4304,safe
4305,safe
4306,safe
4307,safe
4308,safe
4309,safe
4310,safe
4311,safe
4312,safe
4313,safe
4314,safe
4315,safe
4316,safe
4317,safe
4318,safe
4319,safe
4320,safe
4321,safe
4322,safe
4323,safe
4324,safe
4325,safe
4326,safe
4327,safe
4328,safe
4329,safe
4330,safe
4331,safe
4332,safe
4333,safe
4334,safe
4335,safe
4336,safe
4337,safe
4338,safe
4339,safe
4340,safe
4341,safe
4342,safe
4343,safe
4344,safe
4345,safe
4346,safe
4347,safe
4348,safe
4349,safe
4350,safe
4351,safe
4352,safe
4353,safe
4354,safe
4355,safe
4356,safe
4357,safe
4358,safe
4359,safe
4360,safe
4361,safe
4362,safe
4363,safe
4364,safe
4365,safe
4366,safe
4367,safe
4368,safe
4369,safe
4370,safe
4371,safe
4372,safe
4373,safe
4374,safe
4375,safe
4376,safe
4377,safe
4378,safe
4379,safe
4380,safe
4381,safe
4382,safe
4383,safe
4384,safe
4385,safe
4386,safe
4387,safe
4388,safe
4389,safe
4390,safe
4391,safe
4392,safe
4393,safe
4394,safe
4395,safe
4396,safe
4397,safe
4398,safe
4399,safe
4400,safe
4401,safe
4402,safe
4403,safe
4404,safe
4405,safe
4406,safe
4407,safe
4408,safe
4409,safe
4410,safe
4411,safe
4412,safe
4413,safe
4414,safe
4415,safe
4416,safe
4417,safe
4418,safe
4419,safe
4420,safe
4421,safe
4422,safe
4423,safe
4424,safe
4425,safe
4426,safe
4427,safe
4428,safe
4429,safe
4430,safe
4431,safe
4432,safe
4433,safe
4434,safe
4435,safe
4436,safe
4437,safe
4438,safe
4439,safe
4440,safe
4441,safe
4442,safe
4443,safe
4444,safe
4445,safe
4446,safe
4447,safe
4448,safe
4449,safe
4450,safe
4451,safe
4452,safe
4453,safe
4454,safe
4455,safe
4456,safe
4457,safe
4458,safe
4459,safe
4460,safe
4461,safe
4462,safe
4463,safe
4464,safe
4465,safe
4466,safe
4467,safe
4468,safe
4469,safe
4470,safe
4471,safe
4472,safe
4473,safe
4474,safe
4475,safe
4476,safe
4477,safe
4478,safe
4479,safe
4480,safe
4481,safe
4482,safe
4483,safe
4484,safe
4485,safe
4486,safe
4487,safe
4488,safe
4489,safe
4490,safe
4491,safe
4492,safe
4493,safe
4494,safe
4495,safe
4496,safe
4497,safe
4498,safe
4499,safe
4500,safe
4501,safe
4502,safe
4503,safe
4504,safe
4505,safe
4506,safe
4507,safe
4508,safe
4509,safe
4510,safe
4511,safe
4512,safe
4513,safe
4514,safe
4515,safe
4516,safe
4517,safe
4518,safe
4519,safe
4520,safe
4521,safe
4522,safe
4523,safe
4524,safe
4525,safe
4526,safe
4527,safe
4528,safe
4529,safe
4530,safe
4531,safe
4532,safe
4533,safe
4534,safe
4535,safe
4536,safe
4537,safe
4538,safe
4539,safe
4540,safe
4541,safe
4542,safe
4543,safe
4544,safe
4545,safe
4546,safe
4547,safe
4548,safe
4549,safe
4550,safe
4551,safe
4552,safe
4553,safe
4554,safe
4555,safe
4556,safe
4557,safe
4558,safe
4559,safe
4560,safe
4561,safe
4562,safe
4563,safe
4564,safe
4565,safe
4566,safe
4567,safe
4568,safe
4569,safe
4570,safe
4571,safe
4572,safe
4573,safe
4574,safe
4575,safe
4576,safe
4577,safe
4578,safe
4579,safe
4580,safe
4581,safe
4582,safe
4583,safe
4584,safe
4585,safe
4586,safe
4587,safe
4588,safe
4589,safe
4590,safe
4591,safe
4592,safe
4593,safe
4594,safe
4595,safe
4596,safe
4597,safe
4598,safe
4599,safe
4600,safe
4601,safe
4602,safe
4603,safe
4604,safe
4605,safe
4606,safe
4607,safe
4608,safe
4609,safe
4610,safe
4611,safe
4612,safe
4613,safe
4614,safe
4615,safe
4616,safe
4617,safe
4618,safe
4619,safe
4620,safe
4621,safe
4622,safe
4623,safe
4624,safe
4625,safe
4626,safe
4627,safe
4628,safe
4629,safe
4630,safe
4631,safe
4632,safe
4633,safe
4634,safe
4635,safe
4636,safe
4637,safe
4638,safe
4639,safe
4640,safe
4641,safe
4642,safe
4643,safe
4644,safe
4645,safe
4646,safe
4647,safe
4648,safe
4649,safe
4650,safe
4651,safe
4652,safe
4653,safe
4654,safe
4655,safe
4656,safe
4657,safe
4658,safe
4659,safe
4660,safe
4661,safe
4662,safe
4663,safe
4664,safe
4665,safe
4666,safe
4667,safe
4668,safe
4669,safe
4670,safe
4671,safe
4672,safe
4673,safe
4674,safe
4675,safe
4676,safe
4677,safe
4678,safe
4679,safe
4680,safe
4681,safe
4682,safe
4683,safe
4684,safe
4685,safe
4686,safe
4687,safe
4688,safe
4689,safe
4690,safe
4691,safe
4692,safe
4693,safe
4694,safe
4695,safe
4696,safe
4697,safe
4698,safe
4699,safe
4700,safe
4701,safe
4702,safe
4703,safe
4704,safe
4705,safe
4706,safe
4707,safe
4708,safe
4709,safe
4710,safe
4711,safe
4712,safe
4713,safe
4714,safe
4715,safe
4716,safe
4717,safe
4718,safe
4719,safe
4720,safe
4721,safe
4722,safe
4723,safe
4724,safe
4725,safe
4726,safe
4727,safe
4728,safe
4729,safe
4730,safe
4731,safe
4732,safe
4733,safe
4734,safe
4735,safe
4736,safe
4737,safe
4738,safe
4739,safe
4740,safe
4741,safe
4742,safe
4743,safe
4744,safe
4745,safe
4746,safe
4747,safe
4748,safe
4749,safe
4750,safe
4751,safe
4752,safe
4753,safe
4754,safe
4755,safe
4756,safe
4757,safe
4758,safe
4759,safe
4760,safe
4761,safe
4762,safe
4763,safe
4764,safe
4765,safe
4766,safe
4767,safe
4768,safe
4769,safe
4770,safe
4771,safe
4772,safe
4773,safe
4774,safe
4775,safe
4776,safe
4777,safe
4778,safe
4779,safe
4780,safe
4781,safe
4782,safe
4783,safe
4784,safe
4785,safe
4786,safe
4787,safe
4788,safe
4789,safe
4790,safe
4791,safe
4792,safe
4793,safe
4794,safe
4795,safe
4796,safe
4797,safe
4798,safe
4799,safe
4800,safe
4801,safe
4802,safe
4803,safe
4804,safe
4805,safe
4806,safe
4807,safe
4808,safe
4809,safe
4810,safe
4811,safe
4812,safe
4813,safe
4814,safe
4815,safe
4816,safe
4817,safe
4818,safe
4819,safe
4820,safe
4821,safe
4822,safe
4823,safe
4824,safe
4825,safe
4826,safe
4827,safe
4828,safe
4829,safe
4830,safe
4831,safe
4832,safe
4833,safe
4834,safe
4835,safe
4836,safe
4837,safe
4838,safe
4839,safe
4840,safe
4841,safe
4842,safe
4843,safe
4844,safe
4845,safe
4846,safe
4847,safe
4848,safe
4849,safe
4850,safe
4851,safe
4852,safe
4853,safe
4854,safe
4855,safe
4856,safe
4857,safe
4858,safe
4859,safe
4860,safe
4861,safe
4862,safe
4863,safe
4864,safe
4865,safe
4866,safe
4867,safe
4868,safe
4869,safe
4870,safe
4871,safe
4872,safe
4873,safe
4874,safe
4875,safe
4876,safe
4877,safe
4878,safe
4879,safe
4880,safe
4881,safe
4882,safe
4883,safe
4884,safe
4885,safe
4886,safe
4887,safe
4888,safe
4889,safe
4890,safe
4891,safe
4892,safe
4893,safe
4894,safe
4895,safe
4896,safe
4897,safe
4898,safe
4899,safe
4900,safe
4901,safe
4902,safe
4903,safe
4904,safe
4905,safe
4906,safe
4907,safe
4908,safe
4909,safe
4910,safe
4911,safe
4912,safe
4913,safe
4914,safe
4915,safe
4916,safe
4917,safe
4918,safe
4919,safe
4920,safe
4921,safe
4922,safe
4923,safe
4924,safe
4925,safe
4926,safe
4927,safe
4928,safe
4929,safe
4930,safe
4931,safe
4932,safe
4933,safe
4934,safe
4935,safe
4936,safe
4937,safe
4938,safe
4939,safe
4940,safe
4941,safe
4942,safe
4943,safe
4944,safe
4945,safe
4946,safe
4947,safe
4948,safe
4949,safe
4950,safe
4951,safe
4952,safe
4953,safe
4954,safe
4955,safe
4956,safe
4957,safe
4958,safe
4959,safe
4960,safe
4961,safe
4962,safe
4963,safe
4964,safe
4965,safe
4966,safe
4967,safe
4968,safe
4969,safe
4970,safe
4971,safe
4972,safe
4973,safe
4974,safe
4975,safe
4976,safe
4977,safe
4978,safe
4979,safe
4980,safe
4981,safe
4982,safe
4983,safe
4984,safe
4985,safe
4986,safe
4987,safe
4988,safe
4989,safe
4990,safe
4991,safe
4992,safe
4993,safe
4994,safe
4995,safe
4996,safe
4997,safe
4998,safe
4999,safe
5000,safe
5001,safe
5002,safe
5003,safe
5004,safe
5005,safe
5006,safe
5007,safe
5008,safe
5009,safe
5010,safe
5011,safe
5012,safe
5013,safe
5014,safe
5015,safe
5016,safe
5017,safe
5018,safe
5019,safe
5020,safe
5021,safe
5022,safe
5023,safe
5024,safe
5025,safe
5026,safe
5027,safe
5028,safe
5029,safe
5030,safe
5031,safe
5032,safe
5033,safe
5034,safe
5035,safe
5036,safe
5037,safe
5038,safe
5039,safe
5040,safe
5041,safe
5042,safe
5043,safe
5044,safe
5045,safe
5046,safe
5047,safe
5048,safe
5049,safe
5050,safe
5051,safe
5052,safe
5053,safe
5054,safe
5055,safe
5056,safe
5057,safe
5058,safe
5059,safe
5060,safe
5061,safe
5062,safe
5063,safe
5064,safe
5065,safe
5066,safe
5067,safe
5068,safe
5069,safe
5070,safe
5071,safe
5072,safe
5073,safe
5074,safe
5075,safe
5076,safe
5077,safe
5078,safe
5079,safe
5080,safe
5081,safe
5082,safe
5083,safe
5084,safe
5085,safe
5086,safe
5087,safe
5088,safe
5089,safe
5090,safe
5091,safe
5092,safe
5093,safe
5094,safe
5095,safe
5096,safe
5097,safe
5098,safe
5099,safe
5100,safe
5101,safe
5102,safe
5103,safe
5104,safe
5105,safe
5106,safe
5107,safe
5108,safe
5109,safe
5110,safe
5111,safe
5112,safe
5113,safe
5114,safe
5115,safe
5116,safe
5117,safe
5118,safe
5119,safe
5120,safe
5121,safe
5122,safe
5123,safe
5124,safe
5125,safe
5126,safe
5127,safe
5128,safe
5129,safe
5130,safe
5131,safe
5132,safe
5133,safe
5134,safe
5135,safe
5136,safe
5137,safe
5138,safe
5139,safe
5140,safe
5141,safe
5142,safe
5143,safe
5144,safe
5145,safe
5146,safe
5147,safe
5148,safe
5149,safe
5150,safe
5151,safe
5152,safe
5153,safe
5154,safe
5155,safe
5156,safe
5157,safe
5158,safe
5159,safe
5160,safe
5161,safe
5162,safe
5163,safe
5164,safe
5165,safe
5166,safe
5167,safe
5168,safe
5169,safe
5170,safe
5171,safe
5172,safe
5173,safe
5174,safe
5175,safe
5176,safe
5177,safe
5178,safe
5179,safe
5180,safe
5181,safe
5182,safe
5183,safe
5184,safe
5185,safe
5186,safe
5187,safe
5188,safe
5189,safe
5190,safe
5191,safe
5192,safe
5193,safe
5194,safe
5195,safe
5196,safe
5197,safe
5198,safe
5199,safe
5200,safe
5201,safe
5202,safe
5203,safe
5204,safe
5205,safe
5206,safe
5207,safe
5208,safe
5209,safe
5210,safe
5211,safe
5212,safe
5213,safe
5214,safe
5215,safe
5216,safe
5217,safe
5218,safe
5219,safe
5220,safe
5221,safe
5222,safe
5223,safe
5224,safe
5225,safe
5226,safe
5227,safe
5228,safe
5229,safe
5230,safe
5231,safe
5232,safe
5233,safe
5234,safe
5235,safe
5236,safe
5237,safe
5238,safe
5239,safe
5240,safe
5241,safe
5242,safe
5243,safe
5244,safe
5245,safe
5246,safe
5247,safe
5248,safe
5249,safe
5250,safe
5251,safe
5252,safe
5253,safe
5254,safe
5255,safe
5256,safe
5257,safe
5258,safe
5259,safe
5260,safe
5261,safe
5262,safe
5263,safe
5264,safe
5265,safe
5266,safe
5267,malware
5268,safe
5269,safe
5270,safe
5271,safe
5272,safe
5273,safe
5274,safe
5275,safe
5276,safe
5277,safe
5278,safe
5279,safe
5280,safe
5281,safe
5282,safe
5283,safe
5284,safe
5285,safe
5286,safe
5287,safe
5288,safe
5289,safe
5290,safe
5291,safe
5292,safe
5293,safe
5294,safe
5295,safe
5296,safe
5297,safe
5298,safe
5299,safe
5300,safe
5301,safe
5302,safe
5303,safe
5304,safe
5305,safe
5306,safe
5307,safe
5308,safe
5309,safe
5310,safe
5311,safe
5312,safe
5313,safe
5314,safe
5315,safe
5316,safe
5317,safe
5318,safe
5319,safe
5320,safe
5321,safe
5322,safe
5323,safe
5324,safe
5325,safe
5326,safe
5327,safe
5328,safe
5329,safe
5330,safe
5331,safe
5332,safe
5333,safe
5334,safe
5335,safe
5336,safe
5337,safe
5338,safe
5339,safe
5340,safe
5341,safe
5342,safe
5343,safe
5344,safe
5345,safe
5346,safe
5347,safe
5348,safe
5349,safe
5350,safe
5351,safe
5352,safe
5353,safe
5354,safe
5355,safe
5356,safe
5357,safe
5358,safe
5359,safe
5360,safe
5361,safe
5362,safe
5363,safe
5364,safe
5365,safe
5366,safe
5367,safe
5368,safe
5369,safe
5370,safe
5371,safe
5372,safe
5373,safe
5374,safe
5375,safe
5376,safe
5377,safe
5378,safe
5379,safe
5380,safe
5381,safe
5382,safe
5383,safe
5384,safe
5385,safe
5386,safe
5387,safe
5388,safe
5389,safe
5390,safe
5391,safe
5392,safe
5393,safe
5394,safe
5395,safe
5396,safe
5397,safe
5398,safe
5399,safe
5400,safe
5401,safe
5402,safe
5403,safe
5404,safe
5405,safe
5406,safe
5407,safe
5408,safe
5409,safe
5410,safe
5411,safe
5412,safe
5413,safe
5414,safe
5415,safe
5416,safe
5417,safe
5418,safe
5419,safe
5420,safe
5421,safe
5422,safe
5423,safe
5424,safe
5425,safe
5426,safe
5427,safe
5428,safe
5429,safe
5430,safe
5431,safe
5432,safe
5433,safe
5434,safe
5435,safe
5436,safe
5437,safe
5438,safe
5439,safe
5440,safe
5441,safe
5442,safe
5443,safe
5444,safe
5445,safe
5446,safe
5447,safe
5448,safe
5449,safe
5450,safe
5451,safe
5452,safe
5453,safe
5454,safe
5455,safe
5456,safe
5457,safe
5458,safe
5459,safe
5460,safe
5461,safe
5462,safe
5463,safe
5464,safe
5465,safe
5466,safe
5467,safe
5468,safe
5469,safe
5470,safe
5471,safe
5472,safe
5473,safe
5474,safe
5475,safe
5476,safe
5477,safe
5478,safe
5479,safe
5480,safe
5481,safe
5482,safe
5483,safe
5484,safe
5485,safe
5486,safe
5487,safe
5488,safe
5489,safe
5490,safe
5491,safe
5492,safe
5493,safe
5494,safe
5495,safe
5496,safe
5497,safe
5498,safe
5499,safe
5500,safe
5501,safe
5502,safe
5503,safe
5504,safe
5505,safe
5506,safe
5507,safe
5508,safe
5509,safe
5510,safe
5511,safe
5512,safe
5513,safe
5514,safe
5515,safe
5516,safe
5517,safe
5518,safe
5519,safe
5520,safe
5521,safe
5522,safe
5523,safe
5524,safe
5525,safe
5526,safe
5527,safe
5528,safe
5529,safe
5530,safe
5531,safe
5532,safe
5533,safe
5534,safe
5535,safe
5536,safe
5537,safe
5538,safe
5539,safe
5540,safe
5541,safe
5542,safe
5543,safe
5544,safe
5545,safe
5546,safe
5547,safe
5548,safe
5549,safe
5550,safe
5551,safe
5552,safe
5553,safe
5554,safe
5555,safe
5556,safe
5557,safe
5558,safe
5559,safe
5560,safe
5561,safe
5562,safe
5563,safe
5564,safe
5565,safe
5566,safe
5567,safe
5568,safe
5569,safe
5570,safe
5571,safe
5572,safe
5573,safe
5574,safe
5575,safe
5576,safe
5577,safe
5578,safe
5579,safe
5580,safe
5581,safe
5582,safe
5583,safe
5584,safe
5585,safe
5586,safe
5587,safe
5588,safe
5589,safe
5590,safe
5591,safe
5592,safe
5593,safe
5594,safe
5595,safe
5596,safe
5597,safe
5598,safe
5599,safe
5600,safe
5601,safe
5602,safe
5603,safe
5604,safe
5605,safe
5606,safe
5607,safe
5608,safe
5609,safe
5610,safe
5611,safe
5612,safe
5613,safe
5614,safe
5615,safe
5616,safe
5617,safe
5618,safe
5619,safe
5620,safe
5621,safe
5622,safe
5623,safe
5624,safe
5625,safe
5626,safe
5627,safe
5628,safe
5629,safe
5630,safe
5631,safe
5632,safe
5633,safe
5634,safe
5635,safe
5636,safe
5637,safe
5638,safe
5639,safe
5640,safe
5641,safe
5642,safe
5643,safe
5644,safe
5645,safe
5646,safe
5647,safe
5648,safe
5649,safe
5650,safe
5651,safe
5652,safe
5653,safe
5654,safe
5655,safe
5656,safe
5657,safe
5658,safe
5659,safe
5660,safe
5661,safe
5662,safe
5663,safe
5664,safe
5665,safe
5666,safe
5667,safe
5668,safe
5669,safe
5670,safe
5671,safe
5672,safe
5673,safe
5674,safe
5675,safe
5676,safe
5677,safe
5678,safe
5679,safe
5680,safe
5681,safe
5682,safe
5683,safe
5684,safe
5685,safe
5686,safe
5687,safe
5688,safe
5689,safe
5690,safe
5691,safe
5692,safe
5693,safe
5694,safe
5695,safe
5696,safe
5697,safe
5698,safe
5699,safe
5700,safe
5701,safe
5702,safe
5703,safe
5704,safe
5705,safe
5706,safe
5707,safe
5708,safe
5709,safe
5710,safe
5711,safe
5712,safe
5713,safe
5714,safe
5715,safe
5716,safe
5717,safe
5718,safe
5719,safe
5720,safe
5721,safe
5722,safe
5723,safe
5724,safe
5725,safe
5726,safe
5727,safe
5728,safe
5729,safe
5730,safe
5731,safe
5732,safe
5733,safe
5734,safe
5735,safe
5736,safe
5737,safe
5738,safe
5739,safe
5740,safe
5741,safe
5742,safe
5743,safe
5744,safe
5745,safe
5746,safe
5747,safe
5748,safe
5749,safe
5750,safe
5751,safe
5752,safe
5753,safe
5754,safe
5755,safe
5756,safe
5757,safe
5758,safe
5759,safe
5760,safe
5761,safe
5762,safe
5763,safe
5764,safe
5765,safe
5766,safe
5767,safe
5768,safe
5769,safe
5770,safe
5771,safe
5772,safe
5773,safe
5774,safe
5775,safe
5776,safe
5777,safe
5778,safe
5779,safe
5780,safe
5781,safe
5782,safe
5783,safe
5784,safe
5785,safe
5786,safe
5787,safe
5788,safe
5789,safe
5790,safe
5791,safe
5792,safe
5793,safe
5794,malware
5795,safe
5796,safe
5797,safe
5798,safe
5799,safe
5800,safe
5801,safe
5802,safe
5803,safe
5804,safe
5805,safe
5806,safe
5807,safe
5808,safe
5809,safe
5810,safe
5811,safe
5812,safe
5813,safe
5814,safe
5815,safe
5816,safe
5817,safe
5818,safe
5819,safe
5820,safe
5821,safe
5822,safe
5823,safe
5824,safe
5825,safe
5826,safe
5827,safe
5828,safe
5829,safe
5830,safe
5831,safe
5832,safe
5833,safe
5834,safe
5835,safe
5836,safe
5837,safe
5838,safe
5839,safe
5840,safe
5841,safe
5842,safe
5843,malware
5844,safe
5845,safe
5846,safe
5847,safe
5848,safe
5849,safe
5850,safe
5851,safe
5852,safe
5853,safe
5854,safe
5855,safe
5856,safe
5857,safe
5858,safe
5859,safe
5860,safe
5861,safe
5862,safe
5863,safe
5864,safe
5865,safe
5866,safe
5867,safe
5868,safe
5869,safe
5870,safe
5871,safe
5872,safe
5873,safe
5874,safe
5875,safe
5876,safe
5877,safe
5878,safe
5879,safe
5880,safe
5881,safe
5882,safe
5883,safe
5884,safe
5885,safe
5886,safe
5887,safe
5888,safe
5889,safe
5890,safe
5891,safe
5892,safe
5893,safe
5894,safe
5895,safe
5896,safe
5897,safe
5898,safe
5899,safe
5900,safe
5901,safe
5902,safe
5903,safe
5904,safe
5905,safe
5906,safe
5907,safe
5908,safe
5909,safe
5910,safe
5911,safe
5912,safe
5913,safe
5914,safe
5915,safe
5916,safe
5917,safe
5918,safe
5919,safe
5920,safe
5921,safe
5922,safe
5923,safe
5924,safe
5925,safe
5926,safe
5927,safe
5928,safe
5929,safe
5930,safe
5931,safe
5932,safe
5933,safe
5934,safe
5935,safe
5936,safe
5937,safe
5938,safe
5939,safe
5940,safe
5941,safe
5942,safe
5943,safe
5944,safe
5945,safe
5946,safe
5947,safe
5948,safe
5949,safe
5950,safe
5951,safe
5952,safe
5953,safe
5954,safe
5955,safe
5956,safe
5957,safe
5958,safe
5959,safe
5960,safe
5961,safe
5962,safe
5963,safe
5964,safe
5965,safe
5966,safe
5967,safe
5968,safe
5969,safe
5970,safe
5971,safe
5972,safe
5973,safe
5974,safe
5975,safe
5976,safe
5977,safe
5978,safe
5979,safe
5980,safe
5981,safe
5982,safe
5983,safe
5984,safe
5985,safe
5986,safe
5987,safe
5988,safe
5989,safe
5990,safe
5991,safe
5992,safe
5993,safe
5994,safe
5995,safe
5996,safe
5997,safe
5998,safe
5999,safe
6000,safe
6001,safe
6002,safe
6003,safe
6004,safe
6005,safe
6006,safe
6007,safe
6008,safe
6009,safe
6010,safe
6011,safe
6012,safe
6013,safe
6014,safe
6015,safe
6016,safe
6017,safe
6018,safe
6019,safe
6020,safe
6021,safe
6022,safe
6023,safe
6024,safe
6025,safe
6026,safe
6027,safe
6028,safe
6029,safe
6030,safe
6031,safe
6032,safe
6033,safe
6034,safe
6035,safe
6036,safe
6037,safe
6038,safe
6039,safe
6040,safe
6041,safe
6042,safe
6043,safe
6044,safe
6045,safe
6046,safe
6047,safe
6048,safe
6049,safe
6050,safe
6051,safe
6052,safe
6053,safe
6054,safe
6055,safe
6056,safe
6057,safe
6058,safe
6059,safe
6060,safe
6061,safe
6062,safe
6063,safe
6064,safe
6065,safe
6066,safe
6067,safe
6068,safe
6069,safe
6070,safe
6071,safe
6072,safe
6073,safe
6074,safe
6075,safe
6076,safe
6077,safe
6078,safe
6079,safe
6080,safe
6081,safe
6082,safe
6083,safe
6084,safe
6085,safe
6086,safe
6087,safe
6088,safe
6089,safe
6090,safe
6091,safe
6092,safe
6093,safe
6094,safe
6095,safe
6096,safe
6097,safe
6098,safe
6099,safe
6100,safe
6101,safe
6102,safe
6103,safe
6104,safe
6105,safe
6106,safe
6107,safe
6108,safe
6109,safe
6110,safe
6111,safe
6112,safe
6113,safe
6114,safe
6115,safe
6116,safe
6117,safe
6118,safe
6119,safe
6120,safe
6121,safe
6122,safe
6123,safe
6124,safe
6125,safe
6126,safe
6127,safe
6128,safe
6129,safe
6130,safe
6131,safe
6132,safe
6133,safe
6134,safe
6135,safe
6136,safe
6137,safe
6138,safe
6139,safe
6140,safe
6141,safe
6142,safe
6143,safe
6144,safe
6145,safe
6146,safe
6147,safe
6148,safe
6149,safe
6150,safe
6151,safe
6152,safe
6153,safe
6154,safe
6155,safe
6156,safe
6157,safe
6158,safe
6159,safe
6160,safe
6161,safe
6162,safe
6163,safe
6164,safe
6165,safe
6166,safe
6167,safe
6168,safe
6169,safe
6170,safe
6171,safe
6172,safe
6173,safe
6174,safe
6175,safe
6176,safe
6177,safe
6178,safe
6179,safe
6180,safe
6181,safe
6182,safe
6183,safe
6184,safe
6185,safe
6186,safe
6187,safe
6188,safe
6189,safe
6190,safe
6191,safe
6192,safe
6193,safe
6194,safe
6195,safe
6196,safe
6197,safe
6198,safe
6199,safe
6200,safe
6201,safe
6202,safe
6203,safe
6204,safe
6205,safe
6206,safe
6207,safe
6208,safe
6209,safe
6210,safe
6211,safe
6212,safe
6213,safe
6214,safe
6215,safe
6216,safe
6217,safe
6218,safe
6219,safe
6220,safe
6221,safe
6222,safe
6223,safe
6224,safe
6225,safe
6226,safe
6227,safe
6228,safe
6229,safe
6230,safe
6231,safe
6232,safe
6233,safe
6234,safe
6235,safe
6236,safe
6237,safe
6238,safe
6239,safe
6240,safe
6241,safe
6242,safe
6243,safe
6244,safe
6245,safe
6246,safe
6247,safe
6248,safe
6249,safe
6250,safe
6251,safe
6252,safe
6253,safe
6254,safe
6255,safe
6256,safe
6257,safe
6258,safe
6259,safe
6260,safe
6261,safe
6262,safe
6263,safe
6264,safe
6265,safe
6266,safe
6267,safe
6268,safe
6269,safe
6270,safe
6271,safe
6272,safe
6273,safe
6274,safe
6275,safe
6276,safe
6277,safe
6278,safe
6279,safe
6280,safe
6281,safe
6282,safe
6283,safe
6284,safe
6285,safe
6286,safe
6287,safe
6288,safe
6289,safe
6290,safe
6291,safe
6292,safe
6293,safe
6294,safe
6295,safe
6296,safe
6297,safe
6298,safe
6299,safe
6300,safe
6301,safe
6302,safe
6303,safe
6304,safe
6305,safe
6306,safe
6307,safe
6308,safe
6309,safe
6310,safe
6311,safe
6312,safe
6313,safe
6314,safe
6315,safe
6316,safe
6317,safe
6318,safe
6319,safe
6320,safe
6321,safe
6322,safe
6323,safe
6324,safe
6325,safe
6326,safe
6327,safe
6328,safe
6329,safe
6330,safe
6331,safe
6332,safe
6333,safe
6334,safe
6335,safe
6336,safe
6337,safe
6338,safe
6339,safe
6340,safe
6341,safe
6342,safe
6343,safe
6344,safe
6345,safe
6346,safe
6347,safe
6348,safe
6349,safe
6350,safe
6351,safe
6352,safe
6353,safe
6354,safe
6355,safe
6356,safe
6357,safe
6358,safe
6359,safe
6360,safe
6361,safe
6362,safe
6363,safe
6364,safe
6365,safe
6366,safe
6367,safe
6368,safe
6369,safe
6370,safe
6371,safe
6372,safe
6373,safe
6374,safe
6375,safe
6376,safe
6377,safe
6378,safe
6379,safe
6380,safe
6381,safe
6382,safe
6383,safe
6384,safe
6385,safe
6386,safe
6387,safe
6388,safe
6389,safe
6390,safe
6391,safe
6392,safe
6393,safe
6394,safe
6395,safe
6396,safe
6397,safe
6398,safe
6399,safe
6400,safe
6401,safe
6402,safe
6403,safe
6404,safe
6405,safe
6406,safe
6407,safe
6408,safe
6409,safe
6410,safe
6411,safe
6412,safe
6413,safe
6414,safe
6415,safe
6416,safe
6417,safe
6418,safe
6419,safe
6420,safe
6421,safe
6422,safe
6423,safe
6424,safe
6425,safe
6426,safe
6427,safe
6428,safe
6429,safe
6430,safe
6431,safe
6432,safe
6433,safe
6434,safe
6435,safe
6436,safe
6437,safe
6438,safe
6439,safe
6440,safe
6441,safe
6442,safe
6443,safe
6444,safe
6445,safe
6446,safe
6447,safe
6448,safe
6449,safe
6450,safe
6451,safe
6452,safe
6453,safe
6454,safe
6455,safe
6456,safe
6457,safe
6458,safe
6459,safe
6460,safe
6461,safe
6462,safe
6463,safe
6464,safe
6465,safe
6466,safe
6467,safe
6468,safe
6469,safe
6470,safe
6471,safe
6472,safe
6473,safe
6474,safe
6475,safe
6476,safe
6477,safe
6478,safe
6479,safe
6480,safe
6481,safe
6482,safe
6483,safe
6484,safe
6485,safe
6486,safe
6487,safe
6488,safe
6489,safe
6490,safe
6491,safe
6492,safe
6493,safe
6494,safe
6495,safe
6496,safe
6497,safe
6498,safe
6499,safe
6500,safe
6501,safe
6502,safe
6503,safe
6504,safe
6505,safe
6506,safe
6507,safe
6508,safe
6509,safe
6510,safe
6511,safe
6512,safe
6513,safe
6514,safe
6515,safe
6516,safe
6517,safe
6518,safe
6519,safe
6520,safe
6521,safe
6522,safe
6523,safe
6524,safe
6525,safe
6526,safe
6527,safe
6528,safe
6529,safe
6530,safe
6531,safe
6532,safe
6533,safe
6534,safe
6535,safe
6536,safe
6537,safe
6538,safe
6539,safe
6540,safe
6541,safe
6542,safe
6543,safe
6544,safe
6545,safe
6546,safe
6547,safe
6548,safe
6549,safe
6550,safe
6551,safe
6552,safe
6553,safe
6554,safe
6555,safe
6556,safe
6557,safe
6558,safe
6559,safe
6560,safe
6561,safe
6562,safe
6563,safe
6564,safe
6565,safe
6566,safe
6567,safe
6568,safe
6569,safe
6570,safe
6571,safe
6572,safe
6573,safe
6574,safe
6575,safe
6576,safe
6577,safe
6578,safe
6579,safe
6580,safe
6581,safe
6582,safe
6583,safe
6584,safe
6585,safe
6586,safe
6587,safe
6588,safe
6589,safe
6590,safe
6591,safe
6592,safe
6593,safe
6594,safe
6595,safe
6596,safe
6597,safe
6598,safe
6599,safe
6600,safe
6601,safe
6602,safe
6603,safe
6604,safe
6605,safe
6606,safe
6607,safe
6608,safe
6609,safe
6610,safe
6611,safe
6612,safe
6613,safe
6614,safe
6615,safe
6616,safe
6617,safe
6618,safe
6619,safe
6620,safe
6621,safe
6622,safe
6623,safe
6624,safe
6625,safe
6626,safe
6627,safe
6628,safe
6629,safe
6630,safe
6631,safe
6632,safe
6633,safe
6634,safe
6635,safe
6636,safe
6637,safe
6638,safe
6639,safe
6640,safe
6641,safe
6642,safe
6643,safe
6644,safe
6645,safe
6646,safe
6647,safe
6648,safe
6649,safe
6650,safe
6651,safe
6652,safe
6653,safe
6654,safe
6655,safe
6656,safe
6657,safe
6658,safe
6659,safe
6660,safe
6661,safe
6662,safe
6663,safe
6664,safe
6665,safe
6666,safe
6667,safe
6668,safe
6669,safe
6670,safe
6671,safe
6672,safe
6673,safe
6674,safe
6675,safe
6676,safe
6677,safe
6678,safe
6679,safe
6680,safe
6681,safe
6682,safe
6683,safe
6684,safe
6685,safe
6686,safe
6687,safe
6688,safe
6689,safe
6690,safe
6691,safe
6692,safe
6693,safe
6694,safe
6695,safe
6696,safe
6697,safe
6698,safe
6699,safe
6700,safe
6701,safe
6702,safe
6703,safe
6704,safe
6705,safe
6706,safe
6707,safe
6708,safe
6709,safe
6710,safe
6711,safe
6712,safe
6713,safe
6714,safe
6715,safe
6716,safe
6717,safe
6718,safe
6719,safe
6720,safe
6721,safe
6722,safe
6723,safe
6724,safe
6725,safe
6726,safe
6727,safe
6728,safe
6729,safe
6730,safe
6731,safe
6732,safe
6733,safe
6734,safe
6735,safe
6736,safe
6737,safe
6738,safe
6739,safe
6740,safe
6741,safe
6742,safe
6743,safe
6744,safe
6745,safe
6746,safe
6747,safe
6748,safe
6749,safe
6750,safe
6751,safe
6752,safe
6753,safe
6754,safe
6755,safe
6756,safe
6757,safe
6758,safe
6759,safe
6760,safe
6761,safe
6762,safe
6763,safe
6764,safe
6765,safe
6766,safe
6767,safe
6768,safe
6769,safe
6770,safe
6771,safe
6772,safe
6773,safe
6774,safe
6775,safe
6776,safe
6777,safe
6778,safe
6779,safe
6780,safe
6781,safe
6782,safe
6783,safe
6784,safe
6785,safe
6786,safe
6787,safe
6788,safe
6789,safe
6790,safe
6791,safe
6792,safe
6793,safe
6794,safe
6795,safe
6796,safe
6797,safe
6798,safe
6799,safe
6800,safe
6801,safe
6802,safe
6803,safe
6804,safe
6805,safe
6806,safe
6807,safe
6808,safe
6809,safe
6810,safe
6811,safe
6812,safe
6813,safe
6814,safe
6815,safe
6816,safe
6817,safe
6818,safe
6819,safe
6820,safe
6821,safe
6822,safe
6823,safe
6824,safe
6825,safe
6826,safe
6827,safe
6828,safe
6829,safe
6830,safe
6831,safe
6832,safe
6833,safe
6834,safe
6835,safe
6836,safe
6837,safe
6838,safe
6839,safe
6840,safe
6841,safe
6842,safe
6843,safe
6844,safe
6845,safe
6846,safe
6847,safe
6848,safe
6849,safe
6850,safe
6851,safe
6852,safe
6853,safe
6854,safe
6855,safe
6856,safe
6857,safe
6858,safe
6859,safe
6860,safe
6861,safe
6862,safe
6863,safe
6864,safe
6865,safe
6866,safe
6867,safe
6868,safe
6869,safe
6870,safe
6871,safe
6872,safe
6873,safe
6874,safe
6875,safe
6876,safe
6877,safe
6878,safe
6879,safe
6880,safe
6881,safe
6882,safe
6883,safe
6884,safe
6885,safe
6886,safe
6887,safe
6888,safe
6889,safe
6890,safe
6891,safe
6892,safe
6893,safe
6894,safe
6895,safe
6896,safe
6897,safe
6898,safe
6899,safe
6900,safe
6901,safe
6902,safe
6903,safe
6904,safe
6905,safe
6906,safe
6907,safe
6908,safe
6909,safe
6910,safe
6911,safe
6912,safe
6913,safe
6914,safe
6915,safe
6916,safe
6917,safe
6918,safe
6919,safe
6920,safe
6921,safe
6922,safe
6923,safe
6924,safe
6925,safe
6926,safe
6927,safe
6928,safe
6929,safe
6930,safe
6931,safe
6932,safe
6933,safe
6934,safe
6935,safe
6936,safe
6937,safe
6938,safe
6939,safe
6940,safe
6941,safe
6942,safe
6943,safe
6944,safe
6945,safe
6946,safe
6947,safe
6948,safe
6949,safe
6950,safe
6951,safe
6952,safe
6953,safe
6954,safe
6955,safe
6956,safe
6957,safe
6958,safe
6959,safe
6960,safe
6961,safe
6962,safe
6963,safe
6964,safe
6965,safe
6966,safe
6967,safe
6968,safe
6969,safe
6970,safe
6971,safe
6972,safe
6973,safe
6974,safe
6975,safe
6976,safe
6977,safe
6978,safe
6979,safe
6980,safe
6981,safe
6982,safe
6983,safe
6984,safe
6985,safe
6986,safe
6987,safe
6988,safe
6989,safe
6990,safe
6991,safe
6992,safe
6993,safe
6994,safe
6995,safe
6996,safe
6997,safe
6998,safe
6999,safe
7000,safe
7001,safe
7002,safe
7003,safe
7004,safe
7005,safe
7006,safe
7007,safe
7008,safe
7009,safe
7010,safe
7011,safe
7012,safe
7013,safe
7014,safe
7015,safe
7016,safe
7017,safe
7018,safe
7019,safe
7020,safe
7021,safe
7022,safe
7023,safe
7024,safe
7025,safe
7026,safe
7027,safe
7028,safe
7029,safe
7030,safe
7031,safe
7032,safe
7033,safe
7034,safe
7035,safe
7036,safe
7037,safe
7038,safe
7039,safe
7040,safe
7041,safe
7042,safe
7043,safe
7044,safe
7045,safe
7046,safe
7047,safe
7048,safe
7049,safe
7050,safe
7051,safe
7052,safe
7053,safe
7054,safe
7055,safe
7056,safe
7057,safe
7058,safe
7059,safe
7060,safe
7061,safe
7062,safe
7063,safe
7064,safe
7065,safe
7066,safe
7067,safe
7068,safe
7069,safe
7070,safe
7071,safe
7072,safe
7073,safe
7074,safe
7075,safe
7076,safe
7077,safe
7078,safe
7079,safe
7080,safe
7081,safe
7082,safe
7083,safe
7084,safe
7085,safe
7086,safe
7087,safe
7088,safe
7089,safe
7090,safe
7091,safe
7092,safe
7093,safe
7094,safe
7095,safe
7096,safe
7097,safe
7098,safe
7099,safe
7100,safe
7101,safe
7102,safe
7103,safe
7104,safe
7105,safe
7106,safe
7107,safe
7108,safe
7109,safe
7110,safe
7111,safe
7112,safe
7113,safe
7114,safe
7115,safe
7116,safe
7117,safe
7118,safe
7119,safe
7120,safe
7121,safe
7122,safe
7123,safe
7124,safe
7125,safe
7126,safe
7127,safe
7128,safe
7129,safe
7130,safe
7131,safe
7132,safe
7133,safe
7134,safe
7135,safe
7136,safe
7137,safe
7138,safe
7139,safe
7140,safe
7141,safe
7142,safe
7143,safe
7144,safe
7145,safe
7146,safe
7147,safe
7148,safe
7149,safe
7150,safe
7151,safe
7152,safe
7153,safe
7154,safe
7155,safe
7156,safe
7157,safe
7158,safe
7159,safe
7160,safe
7161,safe
7162,safe
7163,safe
7164,safe
7165,safe
7166,safe
7167,safe
7168,safe
7169,safe
7170,safe
7171,safe
7172,safe
7173,safe
7174,safe
7175,safe
7176,safe
7177,safe
7178,safe
7179,safe
7180,safe
7181,safe
7182,safe
7183,safe
7184,safe
7185,safe
7186,safe
7187,safe
7188,safe
7189,safe
7190,safe
7191,safe
7192,safe
7193,safe
7194,safe
7195,safe
7196,safe
7197,safe
7198,safe
7199,safe
7200,safe
7201,safe
7202,safe
7203,safe
7204,safe
7205,safe
7206,safe
7207,safe
7208,safe
7209,safe
7210,safe
7211,safe
7212,safe
7213,safe
7214,safe
7215,safe
7216,safe
7217,safe
7218,safe
7219,safe
7220,safe
7221,safe
7222,safe
7223,safe
7224,safe
7225,safe
7226,safe
7227,safe
7228,safe
7229,safe
7230,safe
7231,safe
7232,safe
7233,safe
7234,safe
7235,safe
7236,safe
7237,safe
7238,safe
7239,safe
7240,safe
7241,safe
7242,safe
7243,safe
7244,safe
7245,safe
7246,safe
7247,safe
7248,safe
7249,safe
7250,safe
7251,safe
7252,safe
7253,safe
7254,safe
7255,safe
7256,safe
7257,safe
7258,safe
7259,safe
7260,safe
7261,safe
7262,safe
7263,safe
7264,safe
7265,safe
7266,safe
7267,safe
7268,safe
7269,safe
7270,safe
7271,safe
7272,safe
7273,safe
7274,safe
7275,safe
7276,safe
7277,safe
7278,safe
7279,safe
7280,safe
7281,safe
7282,safe
7283,safe
7284,safe
7285,safe
7286,safe
7287,safe
7288,safe
7289,safe
7290,safe
7291,safe
7292,safe
7293,safe
7294,safe
7295,safe
7296,safe
7297,safe
7298,safe
7299,safe
7300,safe
7301,safe
7302,safe
7303,safe
7304,safe
7305,safe
7306,safe
7307,safe
7308,safe
7309,safe
7310,safe
7311,malware
7312,safe
7313,safe
7314,safe
7315,safe
7316,safe
7317,safe
7318,safe
7319,safe
7320,safe
7321,safe
7322,safe
7323,safe
7324,safe
7325,safe
7326,safe
7327,safe
7328,safe
7329,safe
7330,safe
7331,safe
7332,safe
7333,safe
7334,safe
7335,safe
7336,safe
7337,safe
7338,safe
7339,safe
7340,safe
7341,safe
7342,safe
7343,safe
7344,safe
7345,safe
7346,safe
7347,safe
7348,safe
7349,safe
7350,safe
7351,safe
7352,safe
7353,safe
7354,safe
7355,safe
7356,safe
7357,safe
7358,safe
7359,safe
7360,safe
7361,safe
7362,safe
7363,safe
7364,safe
7365,safe
7366,safe
7367,safe
7368,safe
7369,safe
7370,safe
7371,safe
7372,safe
7373,safe
7374,safe
7375,safe
7376,safe
7377,safe
7378,safe
7379,safe
7380,safe
7381,safe
7382,safe
7383,safe
7384,safe
7385,safe
7386,safe
7387,safe
7388,safe
7389,safe
7390,safe
7391,safe
7392,safe
7393,safe
7394,safe
7395,safe
7396,safe
7397,safe
7398,safe
7399,safe
7400,safe
7401,safe
7402,safe
7403,safe
7404,safe
7405,safe
7406,safe
7407,safe
7408,safe
7409,safe
7410,safe
7411,safe
7412,safe
7413,safe
7414,safe
7415,safe
7416,safe
7417,safe
7418,safe
7419,safe
7420,safe
7421,safe
7422,safe
7423,safe
7424,safe
7425,safe
7426,safe
7427,safe
7428,safe
7429,safe
7430,safe
7431,safe
7432,safe
7433,safe
7434,safe
7435,safe
7436,safe
7437,safe
7438,safe
7439,safe
7440,safe
7441,safe
7442,safe
7443,safe
7444,safe
7445,safe
7446,safe
7447,safe
7448,safe
7449,safe
7450,safe
7451,safe
7452,safe
7453,safe
7454,safe
7455,safe
7456,safe
7457,safe
7458,safe
7459,safe
7460,safe
7461,safe
7462,safe
7463,safe
7464,safe
7465,safe
7466,safe
7467,safe
7468,safe
7469,safe
7470,safe
7471,safe
7472,safe
7473,safe
7474,safe
7475,safe
7476,safe
7477,safe
7478,safe
7479,safe
7480,safe
7481,safe
7482,safe
7483,safe
7484,safe
7485,safe
7486,safe
7487,safe
7488,safe
7489,safe
7490,safe
7491,safe
7492,safe
7493,safe
7494,safe
7495,safe
7496,safe
7497,safe
7498,safe
7499,safe
7500,safe
7501,safe
7502,safe
7503,safe
7504,safe
7505,safe
7506,safe
7507,safe
7508,safe
7509,safe
7510,safe
7511,safe
7512,safe
7513,safe
7514,safe
7515,safe
7516,safe
7517,safe
7518,safe
7519,safe
7520,safe
7521,safe
7522,safe
7523,safe
7524,safe
7525,safe
7526,safe
7527,safe
7528,safe
7529,safe
7530,safe
7531,safe
7532,safe
7533,safe
7534,safe
7535,safe
7536,safe
7537,safe
7538,safe
7539,safe
7540,safe
7541,safe
7542,safe
7543,safe
7544,safe
7545,safe
7546,safe
7547,safe
7548,safe
7549,safe
7550,safe
7551,safe
7552,safe
7553,safe
7554,safe
7555,safe
7556,safe
7557,safe
7558,safe
7559,safe
7560,safe
7561,safe
7562,safe
7563,safe
7564,safe
7565,safe
7566,safe
7567,safe
7568,safe
7569,safe
7570,safe
7571,safe
7572,safe
7573,safe
7574,safe
7575,safe
7576,safe
7577,safe
7578,safe
7579,safe
7580,safe
7581,safe
7582,safe
7583,safe
7584,safe
7585,safe
7586,safe
7587,safe
7588,safe
7589,safe
7590,safe
7591,safe
7592,safe
7593,safe
7594,safe
7595,safe
7596,safe
7597,safe
7598,safe
7599,safe
7600,safe
7601,safe
7602,safe
7603,safe
7604,safe
7605,safe
7606,safe
7607,safe
7608,safe
7609,safe
7610,safe
7611,safe
7612,safe
7613,safe
7614,safe
7615,safe
7616,safe
7617,safe
7618,safe
7619,safe
7620,safe
7621,safe
7622,safe
7623,safe
7624,safe
7625,safe
7626,safe
7627,safe
7628,safe
7629,safe
7630,safe
7631,safe
7632,safe
7633,safe
7634,safe
7635,safe
7636,safe
7637,safe
7638,safe
7639,safe
7640,safe
7641,safe
7642,safe
7643,safe
7644,safe
7645,safe
7646,safe
7647,safe
7648,safe
7649,safe
7650,safe
7651,safe
7652,safe
7653,safe
7654,safe
7655,safe
7656,safe
7657,safe
7658,safe
7659,safe
7660,safe
7661,safe
7662,safe
7663,safe
7664,safe
7665,safe
7666,safe
7667,safe
7668,safe
7669,safe
7670,safe
7671,safe
7672,safe
7673,safe
7674,safe
7675,safe
7676,safe
7677,safe
7678,safe
7679,safe
7680,safe
7681,safe
7682,safe
7683,safe
7684,safe
7685,safe
7686,safe
7687,safe
7688,safe
7689,safe
7690,safe
7691,safe
7692,safe
7693,safe
7694,safe
7695,safe
7696,safe
7697,safe
7698,safe
7699,safe
7700,safe
7701,safe
7702,safe
7703,safe
7704,safe
7705,safe
7706,safe
7707,safe
7708,safe
7709,safe
7710,safe
7711,safe
7712,safe
7713,safe
7714,safe
7715,safe
7716,safe
7717,safe
7718,safe
7719,safe
7720,safe
7721,safe
7722,safe
7723,safe
7724,safe
7725,safe
7726,safe
7727,safe
7728,safe
7729,safe
7730,safe
7731,safe
7732,safe
7733,safe
7734,safe
7735,safe
7736,safe
7737,safe
7738,safe
7739,safe
7740,safe
7741,safe
7742,safe
7743,safe
7744,safe
7745,safe
7746,safe
7747,safe
7748,safe
7749,safe
7750,safe
7751,safe
7752,safe
7753,safe
7754,safe
7755,safe
7756,safe
7757,safe
7758,safe
7759,safe
7760,safe
7761,safe
7762,safe
7763,safe
7764,safe
7765,safe
7766,safe
7767,safe
7768,safe
7769,safe
7770,safe
7771,safe
7772,safe
7773,safe
7774,safe
7775,safe
7776,safe
7777,safe
7778,safe
7779,safe
7780,safe
7781,safe
7782,safe
7783,safe
7784,safe
7785,safe
7786,safe
7787,safe
7788,safe
7789,safe
7790,safe
7791,safe
7792,safe
7793,safe
7794,safe
7795,safe
7796,safe
7797,safe
7798,safe
7799,safe
7800,safe
7801,safe
7802,safe
7803,safe
7804,safe
7805,safe
7806,safe
7807,safe
7808,safe
7809,safe
7810,safe
7811,safe
7812,safe
7813,safe
7814,safe
7815,safe
7816,safe
7817,safe
7818,safe
7819,safe
7820,safe
7821,safe
7822,safe
7823,safe
7824,safe
7825,safe
7826,safe
7827,safe
7828,safe
7829,safe
7830,safe
7831,safe
7832,safe
7833,safe
7834,safe
7835,safe
7836,safe
7837,safe
7838,safe
7839,safe
7840,safe
7841,safe
7842,safe
7843,safe
7844,safe
7845,safe
7846,safe
7847,safe
7848,safe
7849,safe
7850,safe
7851,safe
7852,safe
7853,safe
7854,safe
7855,safe
7856,safe
7857,safe
7858,safe
7859,safe
7860,safe
7861,safe
7862,safe
7863,safe
7864,safe
7865,safe
7866,safe
7867,safe
7868,safe
7869,safe
7870,safe
7871,safe
7872,safe
7873,safe
7874,safe
7875,safe
7876,safe
7877,safe
7878,safe
7879,safe
7880,safe
7881,safe
7882,safe
7883,safe
7884,safe
7885,safe
7886,safe
7887,safe
7888,safe
7889,safe
7890,safe
7891,safe
7892,safe
7893,safe
7894,safe
7895,safe
7896,safe
7897,safe
7898,safe
7899,safe
7900,safe
7901,safe
7902,safe
7903,safe
7904,safe
7905,safe
7906,safe
7907,safe
7908,safe
7909,safe
7910,safe
7911,safe
7912,safe
7913,safe
7914,safe
7915,safe
7916,safe
7917,safe
7918,safe
7919,safe
7920,safe
7921,safe
7922,safe
7923,safe
7924,safe
7925,safe
7926,safe
7927,safe
7928,safe
7929,safe
7930,safe
7931,safe
7932,safe
7933,safe
7934,safe
7935,safe
7936,safe
7937,safe
7938,safe
7939,safe
7940,safe
7941,safe
7942,safe
7943,safe
7944,safe
7945,safe
7946,safe
7947,safe
7948,safe
7949,safe
7950,safe
7951,safe
7952,safe
7953,safe
7954,safe
7955,safe
7956,safe
7957,safe
7958,safe
7959,safe
7960,safe
7961,safe
7962,safe
7963,safe
7964,safe
7965,safe
7966,safe
7967,safe
7968,safe
7969,safe
7970,safe
7971,safe
7972,safe
7973,safe
7974,safe
7975,safe
7976,safe
7977,safe
7978,safe
7979,safe
7980,safe
7981,safe
7982,safe
7983,safe
7984,safe
7985,safe
7986,safe
7987,safe
7988,safe
7989,safe
7990,safe
7991,safe
7992,safe
7993,safe
7994,safe
7995,safe
7996,safe
7997,safe
7998,safe
7999,safe
8000,safe
8001,safe
8002,safe
8003,safe
8004,safe
8005,safe
8006,safe
8007,safe
8008,safe
8009,safe
8010,safe
8011,safe
8012,safe
8013,safe
8014,safe
8015,safe
8016,safe
8017,safe
8018,safe
8019,safe
8020,safe
8021,safe
8022,safe
8023,safe
8024,safe
8025,safe
8026,safe
8027,safe
8028,safe
8029,safe
8030,safe
8031,safe
8032,safe
8033,safe
8034,safe
8035,safe
8036,safe
8037,safe
8038,safe
8039,safe
8040,safe
8041,safe
8042,safe
8043,safe
8044,safe
8045,safe
8046,safe
8047,safe
8048,safe
8049,safe
8050,safe
8051,safe
8052,safe
8053,safe
8054,safe
8055,safe
8056,safe
8057,safe
8058,safe
8059,safe
8060,safe
8061,safe
8062,safe
8063,safe
8064,safe
8065,safe
8066,safe
8067,safe
8068,safe
8069,safe
8070,safe
8071,safe
8072,safe
8073,safe
8074,safe
8075,safe
8076,safe
8077,safe
8078,safe
8079,safe
8080,safe
8081,safe
8082,safe
8083,safe
8084,safe
8085,safe
8086,safe
8087,safe
8088,safe
8089,safe
8090,safe
8091,safe
8092,safe
8093,safe
8094,safe
8095,safe
8096,safe
8097,safe
8098,safe
8099,safe
8100,safe
8101,safe
8102,safe
8103,safe
8104,safe
8105,safe
8106,safe
8107,safe
8108,safe
8109,safe
8110,safe
8111,safe
8112,safe
8113,safe
8114,safe
8115,safe
8116,safe
8117,safe
8118,safe
8119,safe
8120,safe
8121,safe
8122,safe
8123,safe
8124,safe
8125,safe
8126,safe
8127,safe
8128,safe
8129,safe
8130,safe
8131,safe
8132,safe
8133,safe
8134,safe
8135,safe
8136,safe
8137,safe
8138,safe
8139,safe
8140,safe
8141,safe
8142,safe
8143,safe
8144,safe
8145,safe
8146,safe
8147,safe
8148,safe
8149,safe
8150,safe
8151,safe
8152,safe
8153,safe
8154,safe
8155,safe
8156,safe
8157,safe
8158,safe
8159,safe
8160,safe
8161,safe
8162,safe
8163,safe
8164,safe
8165,safe
8166,safe
8167,safe
8168,safe
8169,safe
8170,safe
8171,safe
8172,safe
8173,safe
8174,safe
8175,safe
8176,safe
8177,safe
8178,safe
8179,safe
8180,safe
8181,safe
8182,safe
8183,safe
8184,safe
8185,safe
8186,safe
8187,safe
8188,safe
8189,safe
8190,safe
8191,safe
8192,safe
8193,safe
8194,safe
8195,safe
8196,safe
8197,safe
8198,safe
8199,safe
8200,safe
8201,safe
8202,safe
8203,safe
8204,safe
8205,safe
8206,safe
8207,safe
8208,safe
8209,safe
8210,safe
8211,safe
8212,safe
8213,safe
8214,safe
8215,safe
8216,safe
8217,safe
8218,safe
8219,safe
8220,safe
8221,safe
8222,safe
8223,safe
8224,safe
8225,safe
8226,safe
8227,safe
8228,safe
8229,safe
8230,safe
8231,safe
8232,safe
8233,safe
8234,safe
8235,safe
8236,safe
8237,safe
8238,safe
8239,safe
8240,safe
8241,safe
8242,safe
8243,safe
8244,safe
8245,safe
8246,safe
8247,safe
8248,safe
8249,safe
8250,safe
8251,safe
8252,safe
8253,safe
8254,safe
8255,safe
8256,safe
8257,safe
8258,safe
8259,safe
8260,safe
8261,safe
8262,safe
8263,safe
8264,safe
8265,safe
8266,safe
8267,safe
8268,safe
8269,safe
8270,safe
8271,safe
8272,safe
8273,safe
8274,safe
8275,safe
8276,safe
8277,safe
8278,safe
8279,safe
8280,safe
8281,safe
8282,safe
8283,safe
8284,safe
8285,safe
8286,safe
8287,safe
8288,safe
8289,safe
8290,safe
8291,safe
8292,safe
8293,safe
8294,safe
8295,safe
8296,safe
8297,safe
8298,safe
8299,safe
8300,safe
8301,safe
8302,safe
8303,safe
8304,safe
8305,safe
8306,safe
8307,safe
8308,safe
8309,safe
8310,safe
8311,safe
8312,safe
8313,safe
8314,safe
8315,safe
8316,safe
8317,safe
8318,safe
8319,safe
8320,safe
8321,safe
8322,safe
8323,safe
8324,safe
8325,safe
8326,safe
8327,safe
8328,safe
8329,safe
8330,safe
8331,safe
8332,safe
8333,safe
8334,safe
8335,safe
8336,safe
8337,safe
8338,safe
8339,safe
8340,safe
8341,safe
8342,safe
8343,safe
8344,safe
8345,safe
8346,safe
8347,safe
8348,safe
8349,safe
8350,safe
8351,safe
8352,safe
8353,safe
8354,safe
8355,safe
8356,safe
8357,safe
8358,safe
8359,safe
8360,safe
8361,safe
8362,safe
8363,safe
8364,safe
8365,safe
8366,safe
8367,safe
8368,safe
8369,safe
8370,safe
8371,safe
8372,safe
8373,safe
8374,safe
8375,safe
8376,safe
8377,safe
8378,safe
8379,safe
8380,safe
8381,safe
8382,safe
8383,safe
8384,safe
8385,safe
8386,safe
8387,safe
8388,safe
8389,safe
8390,safe
8391,safe
8392,safe
8393,safe
8394,safe
8395,safe
8396,safe
8397,safe
8398,safe
8399,safe
8400,safe
8401,safe
8402,safe
8403,safe
8404,safe
8405,safe
8406,safe
8407,safe
8408,safe
8409,safe
8410,safe
8411,safe
8412,safe
8413,safe
8414,safe
8415,safe
8416,safe
8417,safe
8418,safe
8419,safe
8420,safe
8421,safe
8422,safe
8423,safe
8424,safe
8425,safe
8426,safe
8427,safe
8428,safe
8429,safe
8430,safe
8431,safe
8432,safe
8433,safe
8434,safe
8435,safe
8436,safe
8437,safe
8438,safe
8439,safe
8440,safe
8441,safe
8442,safe
8443,safe
8444,safe
8445,safe
8446,safe
8447,safe
8448,safe
8449,safe
8450,safe
8451,safe
8452,safe
8453,safe
8454,safe
8455,safe
8456,safe
8457,safe
8458,safe
8459,safe
8460,safe
8461,safe
8462,safe
8463,safe
8464,safe
8465,safe
8466,safe
8467,safe
8468,safe
8469,safe
8470,safe
8471,safe
8472,safe
8473,safe
8474,safe
8475,safe
8476,safe
8477,safe
8478,safe
8479,safe
8480,safe
8481,safe
8482,safe
8483,safe
8484,safe
8485,safe
8486,safe
8487,safe
8488,safe
8489,safe
8490,safe
8491,safe
8492,safe
8493,safe
8494,safe
8495,safe
8496,safe
8497,safe
8498,safe
8499,safe
8500,safe
8501,safe
8502,safe
8503,safe
8504,safe
8505,safe
8506,safe
8507,safe
8508,safe
8509,safe
8510,safe
8511,safe
8512,safe
8513,safe
8514,safe
8515,safe
8516,safe
8517,safe
8518,safe
8519,safe
8520,safe
8521,safe
8522,safe
8523,safe
8524,safe
8525,safe
8526,safe
8527,safe
8528,safe
8529,safe
8530,safe
8531,safe
8532,safe
8533,safe
8534,safe
8535,safe
8536,safe
8537,safe
8538,safe
8539,safe
8540,safe
8541,safe
8542,safe
8543,safe
8544,safe
8545,safe
8546,safe
8547,safe
8548,safe
8549,safe
8550,safe
8551,safe
8552,safe
8553,safe
8554,safe
8555,safe
8556,safe
8557,safe
8558,safe
8559,safe
8560,safe
8561,safe
8562,safe
8563,safe
8564,safe
8565,safe
8566,safe
8567,safe
8568,safe
8569,safe
8570,safe
8571,safe
8572,safe
8573,safe
8574,safe
8575,safe
8576,safe
8577,safe
8578,safe
8579,safe
8580,safe
8581,safe
8582,safe
8583,safe
8584,safe
8585,safe
8586,safe
8587,safe
8588,safe
8589,safe
8590,safe
8591,safe
8592,safe
8593,safe
8594,safe
8595,safe
8596,safe
8597,safe
8598,safe
8599,safe
8600,safe
8601,safe
8602,safe
8603,safe
8604,safe
8605,safe
8606,safe
8607,safe
8608,safe
8609,safe
8610,safe
8611,safe
8612,safe
8613,safe
8614,safe
8615,safe
8616,safe
8617,safe
8618,safe
8619,safe
8620,safe
8621,safe
8622,safe
8623,safe
8624,safe
8625,safe
8626,safe
8627,safe
8628,safe
8629,safe
8630,safe
8631,safe
8632,safe
8633,safe
8634,safe
8635,safe
8636,safe
8637,safe
8638,safe
8639,safe
8640,safe
8641,safe
8642,safe
8643,safe
8644,safe
8645,safe
8646,safe
8647,safe
8648,safe
8649,safe
8650,safe
8651,safe
8652,safe
8653,safe
8654,safe
8655,safe
8656,safe
8657,safe
8658,safe
8659,safe
8660,safe
8661,safe
8662,safe
8663,safe
8664,safe
8665,safe
8666,safe
8667,safe
8668,safe
8669,safe
8670,safe
8671,safe
8672,safe
8673,safe
8674,safe
8675,safe
8676,safe
8677,safe
8678,safe
8679,safe
8680,safe
8681,safe
8682,safe
8683,safe
8684,safe
8685,safe
8686,safe
8687,safe
8688,safe
8689,safe
8690,safe
8691,safe
8692,safe
8693,safe
8694,safe
8695,safe
8696,safe
8697,safe
8698,safe
8699,safe
8700,safe
8701,safe
8702,safe
8703,safe
8704,safe
8705,safe
8706,safe
8707,safe
8708,safe
8709,safe
8710,safe
8711,safe
8712,safe
8713,safe
8714,safe
8715,safe
8716,safe
8717,safe
8718,safe
8719,safe
8720,safe
8721,safe
8722,safe
8723,safe
8724,safe
8725,safe
8726,safe
8727,safe
8728,safe
8729,safe
8730,safe
8731,safe
8732,safe
8733,safe
8734,safe
8735,safe
8736,safe
8737,safe
8738,safe
8739,safe
8740,safe
8741,safe
8742,safe
8743,safe
8744,safe
8745,safe
8746,safe
8747,safe
8748,safe
8749,safe
8750,safe
8751,safe
8752,safe
8753,safe
8754,safe
8755,safe
8756,safe
8757,safe
8758,safe
8759,safe
8760,safe
8761,safe
8762,safe
8763,safe
8764,safe
8765,safe
8766,safe
8767,safe
8768,safe
8769,safe
8770,safe
8771,safe
8772,safe
8773,safe
8774,safe
8775,safe
8776,safe
8777,safe
8778,safe
8779,safe
8780,safe
8781,safe
8782,safe
8783,safe
8784,safe
8785,safe
8786,safe
8787,safe
8788,safe
8789,safe
8790,safe
8791,safe
8792,safe
8793,safe
8794,safe
8795,safe
8796,safe
8797,safe
8798,safe
8799,safe
8800,safe
8801,safe
8802,safe
8803,safe
8804,safe
8805,safe
8806,safe
8807,safe
8808,safe
8809,safe
8810,safe
8811,safe
8812,safe
8813,safe
8814,safe
8815,safe
8816,safe
8817,safe
8818,safe
8819,safe
8820,safe
8821,safe
8822,safe
8823,safe
8824,safe
8825,safe
8826,safe
8827,safe
8828,safe
8829,safe
8830,safe
8831,safe
8832,safe
8833,safe
8834,safe
8835,safe
8836,safe
8837,safe
8838,safe
8839,safe
8840,safe
8841,safe
8842,safe
8843,safe
8844,safe
8845,safe
8846,safe
8847,safe
8848,safe
8849,safe
8850,safe
8851,safe
8852,safe
8853,safe
8854,safe
8855,safe
8856,safe
8857,safe
8858,safe
8859,safe
8860,safe
8861,safe
8862,safe
8863,safe
8864,safe
8865,safe
8866,safe
8867,safe
8868,safe
8869,safe
8870,safe
8871,safe
8872,safe
8873,safe
8874,safe
8875,safe
8876,safe
8877,safe
8878,safe
8879,safe
8880,safe
8881,safe
8882,safe
8883,safe
8884,safe
8885,safe
8886,safe
8887,safe
8888,safe
8889,safe
8890,safe
8891,safe
8892,safe
8893,safe
8894,safe
8895,safe
8896,safe
8897,safe
8898,safe
8899,safe
8900,safe
8901,safe
8902,safe
8903,safe
8904,safe
8905,safe
8906,safe
8907,safe
8908,safe
8909,safe
8910,safe
8911,safe
8912,safe
8913,safe
8914,safe
8915,safe
8916,safe
8917,safe
8918,safe
8919,safe
8920,safe
8921,safe
8922,safe
8923,safe
8924,safe
8925,safe
8926,safe
8927,safe
8928,safe
8929,safe
8930,safe
8931,safe
8932,safe
8933,safe
8934,safe
8935,safe
8936,safe
8937,safe
8938,safe
8939,safe
8940,safe
8941,safe
8942,safe
8943,safe
8944,safe
8945,safe
8946,safe
8947,safe
8948,safe
8949,safe
8950,safe
8951,safe
8952,safe
8953,safe
8954,safe
8955,safe
8956,safe
8957,safe
8958,safe
8959,safe
8960,safe
8961,safe
8962,safe
8963,safe
8964,safe
8965,safe
8966,safe
8967,safe
8968,safe
8969,safe
8970,safe
8971,safe
8972,safe
8973,safe
8974,safe
8975,safe
8976,safe
8977,safe
8978,safe
8979,safe
8980,safe
8981,safe
8982,safe
8983,safe
8984,safe
8985,safe
8986,safe
8987,safe
8988,safe
8989,safe
8990,safe
8991,safe
8992,safe
8993,safe
8994,safe
8995,safe
8996,safe
8997,safe
8998,safe
8999,safe
9000,safe
9001,safe
9002,safe
9003,safe
9004,safe
9005,safe
9006,safe
9007,safe
9008,safe
9009,safe
9010,safe
9011,safe
9012,safe
9013,safe
9014,safe
9015,safe
9016,safe
9017,safe
9018,safe
9019,safe
9020,safe
9021,safe
9022,safe
9023,safe
9024,safe
9025,safe
9026,safe
9027,safe
9028,safe
9029,safe
9030,safe
9031,safe
9032,safe
9033,safe
9034,safe
9035,safe
9036,safe
9037,safe
9038,safe
9039,safe
9040,safe
9041,safe
9042,safe
9043,safe
9044,safe
9045,safe
9046,safe
9047,safe
9048,safe
9049,safe
9050,safe
9051,safe
9052,safe
9053,safe
9054,safe
9055,safe
9056,safe
9057,safe
9058,safe
9059,safe
9060,safe
9061,safe
9062,safe
9063,safe
9064,safe
9065,safe
9066,safe
9067,safe
9068,safe
9069,safe
9070,safe
9071,safe
9072,safe
9073,safe
9074,safe
9075,safe
9076,safe
9077,safe
9078,safe
9079,safe
9080,safe
9081,safe
9082,safe
9083,safe
9084,safe
9085,safe
9086,safe
9087,safe
9088,safe
9089,safe
9090,safe
9091,safe
9092,safe
9093,safe
9094,safe
9095,safe
9096,safe
9097,safe
9098,safe
9099,safe
9100,safe
9101,safe
9102,safe
9103,safe
9104,safe
9105,safe
9106,safe
9107,safe
9108,safe
9109,safe
9110,safe
9111,safe
9112,safe
9113,safe
9114,safe
9115,safe
9116,safe
9117,safe
9118,safe
9119,safe
9120,safe
9121,safe
9122,safe
9123,safe
9124,safe
9125,safe
9126,safe
9127,safe
9128,safe
9129,safe
9130,safe
9131,safe
9132,safe
9133,safe
9134,safe
9135,safe
9136,safe
9137,safe
9138,safe
9139,safe
9140,safe
9141,safe
9142,safe
9143,safe
9144,safe
9145,safe
9146,safe
9147,safe
9148,safe
9149,safe
9150,safe
9151,safe
9152,safe
9153,safe
9154,safe
9155,safe
9156,safe
9157,safe
9158,safe
9159,safe
9160,safe
9161,safe
9162,safe
9163,safe
9164,safe
9165,safe
9166,safe
9167,safe
9168,safe
9169,safe
9170,safe
9171,safe
9172,safe
9173,safe
9174,safe
9175,safe
9176,safe
9177,safe
9178,safe
9179,safe
9180,safe
9181,safe
9182,safe
9183,safe
9184,safe
9185,safe
9186,safe
9187,safe
9188,safe
9189,safe
9190,safe
9191,safe
9192,safe
9193,safe
9194,safe
9195,safe
9196,safe
9197,safe
9198,safe
9199,safe
9200,safe
9201,safe
9202,safe
9203,safe
9204,safe
9205,safe
9206,safe
9207,safe
9208,safe
9209,safe
9210,safe
9211,safe
9212,safe
9213,safe
9214,safe
9215,safe
9216,safe
9217,safe
9218,safe
9219,safe
9220,safe
9221,safe
9222,safe
9223,safe
9224,safe
9225,safe
9226,safe
9227,safe
9228,safe
9229,safe
9230,safe
9231,safe
9232,safe
9233,safe
9234,safe
9235,safe
9236,safe
9237,safe
9238,safe
9239,safe
9240,safe
9241,safe
9242,safe
9243,safe
9244,safe
9245,safe
9246,safe
9247,safe
9248,safe
9249,safe
9250,safe
9251,safe
9252,safe
9253,safe
9254,safe
9255,safe
9256,safe
9257,safe
9258,safe
9259,safe
9260,safe
9261,safe
9262,safe
9263,safe
9264,safe
9265,safe
9266,safe
9267,safe
9268,safe
9269,safe
9270,safe
9271,safe
9272,safe
9273,safe
9274,safe
9275,safe
9276,safe
9277,safe
9278,safe
9279,safe
9280,safe
9281,safe
9282,safe
9283,safe
9284,safe
9285,safe
9286,safe
9287,safe
9288,safe
9289,safe
9290,safe
9291,safe
9292,safe
9293,safe
9294,safe
9295,safe
9296,safe
9297,safe
9298,safe
9299,safe
9300,safe
9301,safe
9302,safe
9303,safe
9304,safe
9305,safe
9306,safe
9307,safe
9308,safe
9309,safe
9310,safe
9311,safe
9312,safe
9313,safe
9314,safe
9315,safe
9316,safe
9317,safe
9318,safe
9319,safe
9320,safe
9321,safe
9322,safe
9323,safe
9324,safe
9325,safe
9326,safe
9327,safe
9328,safe
9329,safe
9330,safe
9331,safe
9332,safe
9333,safe
9334,safe
9335,safe
9336,safe
9337,safe
9338,safe
9339,safe
9340,safe
9341,safe
9342,safe
9343,safe
9344,safe
9345,safe
9346,safe
9347,safe
9348,safe
9349,safe
9350,safe
9351,safe
9352,safe
9353,safe
9354,safe
9355,safe
9356,safe
9357,safe
9358,safe
9359,safe
9360,safe
9361,safe
9362,safe
9363,safe
9364,safe
9365,safe
9366,safe
9367,safe
9368,safe
9369,safe
9370,safe
9371,safe
9372,safe
9373,safe
9374,safe
9375,safe
9376,safe
9377,safe
9378,safe
9379,safe
9380,safe
9381,safe
9382,safe
9383,safe
9384,safe
9385,safe
9386,safe
9387,safe
9388,safe
9389,safe
9390,safe
9391,safe
9392,safe
9393,safe
9394,safe
9395,safe
9396,safe
9397,safe
9398,safe
9399,safe
9400,safe
9401,safe
9402,safe
9403,safe
9404,safe
9405,safe
9406,safe
9407,safe
9408,safe
9409,safe
9410,safe
9411,safe
9412,safe
9413,safe
9414,safe
9415,safe
9416,safe
9417,safe
9418,safe
9419,safe
9420,safe
9421,safe
9422,safe
9423,safe
9424,safe
9425,safe
9426,safe
9427,safe
9428,safe
9429,safe
9430,safe
9431,safe
9432,safe
9433,safe
9434,safe
9435,safe
9436,safe
9437,safe
9438,safe
9439,safe
9440,safe
9441,safe
9442,safe
9443,safe
9444,safe
9445,safe
9446,safe
9447,safe
9448,safe
9449,safe
9450,safe
9451,safe
9452,safe
9453,safe
9454,safe
9455,safe
9456,safe
9457,safe
9458,safe
9459,safe
9460,safe
9461,safe
9462,safe
9463,safe
9464,safe
9465,safe
9466,safe
9467,safe
9468,safe
9469,safe
9470,safe
9471,safe
9472,safe
9473,safe
9474,safe
9475,safe
9476,safe
9477,safe
9478,safe
9479,safe
9480,safe
9481,safe
9482,safe
9483,safe
9484,safe
9485,safe
9486,safe
9487,safe
9488,safe
9489,safe
9490,safe
9491,safe
9492,safe
9493,safe
9494,safe
9495,safe
9496,safe
9497,safe
9498,safe
9499,safe
9500,safe
9501,safe
9502,safe
9503,safe
9504,safe
9505,safe
9506,safe
9507,safe
9508,safe
9509,safe
9510,safe
9511,safe
9512,safe
9513,safe
9514,safe
9515,safe
9516,safe
9517,safe
9518,safe
9519,safe
9520,safe
9521,safe
9522,safe
9523,safe
9524,safe
9525,safe
9526,safe
9527,safe
9528,safe
9529,safe
9530,safe
9531,safe
9532,safe
9533,safe
9534,safe
9535,safe
9536,safe
9537,safe
9538,safe
9539,safe
9540,safe
9541,safe
9542,safe
9543,safe
9544,safe
9545,safe
9546,safe
9547,safe
9548,safe
9549,safe
9550,safe
9551,safe
9552,safe
9553,safe
9554,safe
9555,safe
9556,safe
9557,safe
9558,safe
9559,safe
9560,safe
9561,safe
9562,safe
9563,safe
9564,safe
9565,safe
9566,safe
9567,safe
9568,safe
9569,safe
9570,safe
9571,safe
9572,safe
9573,safe
9574,safe
9575,safe
9576,safe
9577,safe
9578,safe
9579,safe
9580,safe
9581,safe
9582,safe
9583,safe
9584,safe
9585,safe
9586,safe
9587,safe
9588,safe
9589,safe
9590,safe
9591,safe
9592,safe
9593,safe
9594,safe
9595,safe
9596,safe
9597,safe
9598,safe
9599,safe
9600,safe
9601,safe
9602,safe
9603,safe
9604,safe
9605,safe
9606,safe
9607,safe
9608,safe
9609,safe
9610,safe
9611,safe
9612,safe
9613,safe
9614,safe
9615,safe
9616,safe
9617,safe
9618,safe
9619,safe
9620,safe
9621,safe
9622,safe
9623,safe
9624,safe
9625,safe
9626,safe
9627,safe
9628,safe
9629,safe
9630,safe
9631,safe
9632,safe
9633,safe
9634,safe
9635,safe
9636,safe
9637,safe
9638,safe
9639,safe
9640,safe
9641,safe
9642,safe
9643,safe
9644,safe
9645,safe
9646,safe
9647,safe
9648,safe
9649,safe
9650,safe
9651,safe
9652,safe
9653,safe
9654,safe
9655,safe
9656,safe
9657,safe
9658,safe
9659,safe
9660,safe
9661,safe
9662,safe
9663,safe
9664,safe
9665,safe
9666,safe
9667,safe
9668,safe
9669,safe
9670,safe
9671,safe
9672,safe
9673,safe
9674,safe
9675,safe
9676,safe
9677,safe
9678,safe
9679,safe
9680,safe
9681,safe
9682,safe
9683,safe
9684,safe
9685,safe
9686,safe
9687,safe
9688,safe
9689,safe
9690,safe
9691,safe
9692,safe
9693,safe
9694,safe
9695,safe
9696,safe
9697,safe
9698,safe
9699,safe
9700,safe
9701,safe
9702,safe
9703,safe
9704,safe
9705,safe
9706,safe
9707,safe
9708,safe
9709,safe
9710,safe
9711,safe
9712,safe
9713,safe
9714,safe
9715,safe
9716,safe
9717,safe
9718,safe
9719,safe
9720,safe
9721,safe
9722,safe
9723,safe
9724,safe
9725,safe
9726,safe
9727,safe
9728,safe
9729,safe
9730,safe
9731,safe
9732,safe
9733,safe
9734,safe
9735,safe
9736,safe
9737,safe
9738,safe
9739,safe
9740,safe
9741,safe
9742,safe
9743,safe
9744,safe
9745,safe
9746,safe
9747,safe
9748,safe
9749,safe
9750,safe
9751,safe
9752,safe
9753,safe
9754,safe
9755,safe
9756,safe
9757,safe
9758,safe
9759,safe
9760,safe
9761,safe
9762,safe
9763,safe
9764,safe
9765,safe
9766,safe
9767,safe
9768,safe
9769,safe
9770,safe
9771,safe
9772,safe
9773,safe
9774,safe
9775,safe
9776,safe
9777,safe
9778,safe
9779,safe
9780,safe
9781,safe
9782,safe
9783,safe
9784,safe
9785,safe
9786,safe
9787,safe
9788,safe
9789,safe
9790,safe
9791,safe
9792,safe
9793,safe
9794,safe
9795,safe
9796,safe
9797,safe
9798,safe
9799,safe
9800,safe
9801,safe
9802,safe
9803,safe
9804,safe
9805,safe
9806,safe
9807,safe
9808,safe
9809,safe
9810,safe
9811,safe
9812,safe
9813,safe
9814,safe
9815,safe
9816,safe
9817,safe
9818,safe
9819,safe
9820,safe
9821,safe
9822,safe
9823,safe
9824,safe
9825,safe
9826,safe
9827,safe
9828,safe
9829,safe
9830,safe
9831,safe
9832,safe
9833,safe
9834,safe
9835,safe
9836,safe
9837,safe
9838,safe
9839,safe
9840,safe
9841,safe
9842,safe
9843,safe
9844,safe
9845,safe
9846,safe
9847,safe
9848,safe
9849,safe
9850,safe
9851,safe
9852,safe
9853,safe
9854,safe
9855,safe
9856,safe
9857,safe
9858,safe
9859,safe
9860,safe
9861,safe
9862,safe
9863,safe
9864,safe
9865,safe
9866,safe
9867,safe
9868,safe
9869,safe
9870,safe
9871,safe
9872,safe
9873,safe
9874,safe
9875,safe
9876,safe
9877,safe
9878,safe
9879,safe
9880,safe
9881,safe
9882,safe
9883,safe
9884,safe
9885,safe
9886,safe
9887,safe
9888,safe
9889,safe
9890,safe
9891,safe
9892,safe
9893,safe
9894,safe
9895,safe
9896,safe
9897,safe
9898,safe
9899,safe
9900,safe
9901,safe
9902,safe
9903,safe
9904,safe
9905,safe
9906,safe
9907,safe
9908,safe
9909,safe
9910,safe
9911,safe
9912,safe
9913,safe
9914,safe
9915,safe
9916,safe
9917,safe
9918,safe
9919,safe
9920,safe
9921,safe
9922,safe
9923,safe
9924,safe
9925,safe
9926,safe
9927,safe
9928,safe
9929,safe
9930,safe
9931,safe
9932,safe
9933,safe
9934,safe
9935,safe
9936,safe
9937,safe
9938,safe
9939,safe
9940,safe
9941,safe
9942,safe
9943,safe
9944,safe
9945,safe
9946,safe
9947,safe
9948,safe
9949,safe
9950,safe
9951,safe
9952,safe
9953,safe
9954,safe
9955,safe
9956,safe
9957,safe
9958,malware
9959,safe
9960,safe
9961,safe
9962,safe
9963,safe
9964,safe
9965,safe
9966,safe
9967,safe
9968,safe
9969,safe
9970,safe
9971,safe
9972,safe
9973,safe
9974,safe
9975,safe
9976,safe
9977,safe
9978,safe
9979,safe
9980,safe
9981,safe
9983,safe
9984,safe
9985,safe
9986,safe
9987,safe
9988,safe
9989,safe
9990,safe
9991,safe
9992,safe
9993,safe
9994,safe
9995,safe
9996,safe
9997,safe
9998,safe
9999,safe
10000,safe
10001,safe
10002,safe
10003,safe
10004,safe
10005,safe
10006,safe
10007,safe
10008,safe
10009,safe
10010,safe
10011,safe
10012,safe
10013,safe
10014,safe
10015,safe
10016,safe
10017,safe
10018,safe
10019,safe
10020,safe
10021,safe
10022,safe
10023,safe
10024,safe
10025,safe
10026,safe
10027,safe
10028,safe
10029,safe
10030,safe
10031,safe
10032,safe
10033,safe
10034,safe
10035,safe
10036,safe
10037,safe
